x	xend	y	yend
0.481307084378401	0.538568927168615	0.492139091833904	0.593868491630445
0.481307084378401	0.449600113577209	0.492139091833904	0.852816054748913
0.481307084378401	0.645520798826369	0.492139091833904	0.242902062332378
0.481307084378401	0.920472291893427	0.492139091833904	0.598030148894849
