x	xend	y	yend
0.481307084378401	0.447707160096541	0.492139091833904	0.321973550356053
0.481307084378401	0.419786096256684	0.492139091833904	0.742300934060853
0.481307084378401	0.0634376035208935	0.492139091833904	0.630861000647369
0.481307084378401	0.692371397472907	0.492139091833904	0.81304910755572
