x	xend	y	yend
0.481307084378401	0.646467275566703	0.492139091833904	0.568898548044021
0.481307084378401	0.265510387582225	0.492139091833904	0.781605474891334
0.481307084378401	0.435876200842364	0.492139091833904	0.150883196152779
0.481307084378401	0.866049879324216	0.492139091833904	0.580921113474521
