x	xend	y	yend
0.481307084378401	0.54093511901945	0.492139091833904	0.32104873763063
0.481307084378401	0.428304386919691	0.492139091833904	0.916165726440396
0.481307084378401	0.628010979130188	0.492139091833904	0.506473689077962
0.481307084378401	0.924258198854763	0.492139091833904	0.561037639877925
