x	xend	y	yend
0.481307084378401	0.919052576782926	0.492139091833904	0.470405992786461
0.481307084378401	0.45906488098055	0.492139091833904	0.941135670026819
0.481307084378401	0.376721404571483	0.492139091833904	0.426014981966152
0.481307084378401	0.62611802564952	0.492139091833904	0.578609081660964
