x	xend	y	yend
0.481307084378401	0.703729118356916	0.492139091833904	0.508323314528808
0.481307084378401	0.477994415787232	0.492139091833904	0.844492740220105
0.481307084378401	0.641261653494865	0.492139091833904	0.21377046148155
0.481307084378401	0.86699635606455	0.492139091833904	0.60126699343383
