x	xend	y	yend
0.481307084378401	0.364417206947139	0.492139091833904	0.514797003606769
0.481307084378401	0.485092991339738	0.492139091833904	0.724729492277814
0.481307084378401	0.050660167526383	0.492139091833904	0.62531212429483
0.481307084378401	0.638422223273863	0.492139091833904	0.868537871081106
