x	xend	y	yend
0.481307084378401	0.801689460981496	0.492139091833904	0.399195412928882
0.481307084378401	0.386186171974824	0.492139091833904	0.896744659206511
0.481307084378401	0.285386399129241	0.492139091833904	0.367751780264496
0.481307084378401	0.753419147224457	0.492139091833904	0.653981318782946
