x	xend	y	yend
0.481307084378401	0.574061804931144	0.492139091833904	0.354804402108573
0.481307084378401	0.441555061284369	0.492139091833904	0.922639415518357
0.481307084378401	0.631796886091524	0.492139091833904	0.443586423749191
0.481307084378401	0.918579338412759	0.492139091833904	0.577221862572829
