x	xend	y	yend
0.481307084378401	0.559391415455965	0.492139091833904	0.0708868954036807
0.481307084378401	0.439188869433534	0.492139091833904	0.661842226949043
0.481307084378401	0.163764137996309	0.492139091833904	0.432488671044114
0.481307084378401	0.821092234158345	0.492139091833904	0.554101544437251
