x	xend	y	yend
0.481307084378401	0.586839240925654	0.492139091833904	0.150883196152779
0.481307084378401	0.516326723770763	0.492139091833904	0.799176916674373
0.481307084378401	0.238535800482703	0.492139091833904	0.454221770091556
0.481307084378401	0.872201978136387	0.492139091833904	0.53283085175252
