x	xend	y	yend
0.481307084378401	0.682906630069566	0.492139091833904	0.482428558216961
0.481307084378401	0.473735270455728	0.492139091833904	0.868537871081106
0.481307084378401	0.639841938384364	0.492139091833904	0.247063719596782
0.481307084378401	0.878827315318726	0.492139091833904	0.601729399796541
