x	xend	y	yend
0.481307084378401	0.085679806918745	0.492139091833904	0.510635346342366
0.481307084378401	0.495504235483413	0.492139091833904	0.494451123647461
0.481307084378401	0.248000567886044	0.492139091833904	0.669240728752428
0.481307084378401	0.595357531588661	0.492139091833904	0.918940164616665
