x	xend	y	yend
0.481307084378401	0.456225450759548	0.492139091833904	0.296078794044206
0.481307084378401	0.412214282334012	0.492139091833904	0.739526495884583
0.481307084378401	0.0686432255927311	0.492139091833904	0.627624156108388
0.481307084378401	0.700889688135914	0.492139091833904	0.801951354850643
