x	xend	y	yend
0.481307084378401	0.928517344186267	0.492139091833904	0.476417275501711
0.481307084378401	0.465216979792722	0.492139091833904	0.9443725145658
0.481307084378401	0.390918555676494	0.492139091833904	0.434800702857671
0.481307084378401	0.60671525247267	0.492139091833904	0.567048922593175
