x	xend	y	yend
0.481307084378401	0.464270503052387	0.492139091833904	0.271108850457782
0.481307084378401	0.404642468411339	0.492139091833904	0.735364838620179
0.481307084378401	0.0743220860347357	0.492139091833904	0.623000092481272
0.481307084378401	0.709881217169088	0.492139091833904	0.789928789420142
