x	xend	y	yend
0.481307084378401	0.542828072500118	0.492139091833904	0.0560898917969112
0.481307084378401	0.392811509157162	0.492139091833904	0.621612873393138
0.481307084378401	0.185059864653826	0.492139091833904	0.448210487376306
0.481307084378401	0.833869670152856	0.492139091833904	0.563349671691482
