x	xend	y	yend
0.481307084378401	0.561284368936633	0.492139091833904	0.184638860630722
0.481307084378401	0.489825375041408	0.492139091833904	0.83385739387774
0.481307084378401	0.34501443377029	0.492139091833904	0.492601498196615
0.481307084378401	0.927097629075765	0.492139091833904	0.541154166281328
