x	xend	y	yend
0.481307084378401	0.566489991008471	0.492139091833904	0.177240358827337
0.481307084378401	0.495504235483413	0.492139091833904	0.827383704799778
0.481307084378401	0.322772230372439	0.492139091833904	0.484740590030519
0.481307084378401	0.918579338412759	0.492139091833904	0.540229353555905
