x	xend	y	yend
0.481307084378401	0.572642089820643	0.492139091833904	0.0824470544714695
0.481307084378401	0.469476125124225	0.492139091833904	0.688199389623601
0.481307084378401	0.152406417112299	0.492139091833904	0.424165356515306
0.481307084378401	0.809261274904169	0.492139091833904	0.545778229908443
