x	xend	y	yend
0.481307084378401	0.43019734040036	0.492139091833904	0.375150282067881
0.481307084378401	0.436349439212531	0.492139091833904	0.745075372237122
0.481307084378401	0.0549193128578865	0.492139091833904	0.634560251549061
0.481307084378401	0.675334816146893	0.492139091833904	0.832470174789605
