x	xend	y	yend
0.481307084378401	0.566016752638304	0.492139091833904	0.0764357717562194
0.481307084378401	0.454332497278879	0.492139091833904	0.675252011467678
0.481307084378401	0.158085277554304	0.492139091833904	0.42832701377971
0.481307084378401	0.815413373716341	0.492139091833904	0.550402293535559
