x	xend	y	yend
0.481307084378401	0.496923950593914	0.492139091833904	0.283131415888283
0.481307084378401	0.408428375372675	0.492139091833904	0.891195782853972
0.481307084378401	0.621858880318016	0.492139091833904	0.588319615277906
0.481307084378401	0.927097629075765	0.492139091833904	0.534218070840655
