x	xend	y	yend
0.481307084378401	0.522952060953102	0.492139091833904	0.0801350226579118
0.481307084378401	0.355425677913965	0.492139091833904	0.641496346989734
0.481307084378401	0.162817661255975	0.492139091833904	0.525894756311847
0.481307084378401	0.805002129572666	0.492139091833904	0.636409876999907
