x	xend	y	yend
0.481307084378401	0.598196961809664	0.492139091833904	0.575372237121983
0.481307084378401	0.208248544792012	0.492139091833904	0.775594192176084
0.481307084378401	0.368203113908476	0.492139091833904	0.145796726162952
0.481307084378401	0.831976716672188	0.492139091833904	0.573522611671136
