x	xend	y	yend
0.481307084378401	0.682906630069566	0.492139091833904	0.386248034772958
0.481307084378401	0.330817282665278	0.492139091833904	0.879173217423472
0.481307084378401	0.36110453835597	0.492139091833904	0.322435956718764
0.481307084378401	0.86368368747338	0.492139091833904	0.647045223342273
