x	xend	y	yend
0.481307084378401	0.543301310870285	0.492139091833904	0.593868491630445
0.481307084378401	0.432563532251195	0.492139091833904	0.847729584759086
0.481307084378401	0.625171548909185	0.492139091833904	0.236428373254416
0.481307084378401	0.925204675595097	0.492139091833904	0.599879774345695
