x	xend	y	yend
0.481307084378401	0.505442241256921	0.492139091833904	0.141172662535836
0.481307084378401	0.370096067389144	0.492139091833904	0.690049015074447
0.481307084378401	0.121172684681274	0.492139091833904	0.574909830759271
0.481307084378401	0.766669821589134	0.492139091833904	0.703458799593082
