x	xend	y	yend
0.481307084378401	0.648833467417538	0.492139091833904	0.442661611023768
0.481307084378401	0.359684823245469	0.492139091833904	0.888883751040414
0.481307084378401	0.47184231697506	0.492139091833904	0.298390825857764
0.481307084378401	0.906748379158582	0.492139091833904	0.620688060667715
