x	xend	y	yend
0.481307084378401	0.595830769958828	0.492139091833904	0.102330528068066
0.481307084378401	0.512540816809427	0.492139091833904	0.725654305003237
0.481307084378401	0.140102219487956	0.492139091833904	0.415842041986498
0.481307084378401	0.787019071506318	0.492139091833904	0.529131600850828
