x	xend	y	yend
0.481307084378401	0.571695613080309	0.492139091833904	0.170304263386664
0.481307084378401	0.501183095925418	0.492139091833904	0.820447609359105
0.481307084378401	0.301003265344754	0.492139091833904	0.476879681864422
0.481307084378401	0.90864133263925	0.492139091833904	0.53884213446777
