x	xend	y	yend
0.481307084378401	0.0700629407032322	0.492139091833904	0.537454915379636
0.481307084378401	0.491718328522077	0.492139091833904	0.515259409969481
0.481307084378401	0.273082201504898	0.492139091833904	0.627624156108388
0.481307084378401	0.587312479295821	0.492139091833904	0.931425136409877
