x	xend	y	yend
0.481307084378401	0.95359897780512	0.492139091833904	0.491676685471192
0.481307084378401	0.480833846008234	0.492139091833904	0.954083048182743
0.481307084378401	0.465690218162889	0.492139091833904	0.482428558216961
0.481307084378401	0.502602811035919	0.492139091833904	0.505086469989827
