x	xend	y	yend
0.481307084378401	0.533836543466944	0.492139091833904	0.0486913899935263
0.481307084378401	0.361577776726137	0.492139091833904	0.594330897993156
0.481307084378401	0.201623207609673	0.492139091833904	0.460695459169518
0.481307084378401	0.83954853059486	0.492139091833904	0.567048922593175
