x	xend	y	yend
0.481307084378401	0.0941980975817519	0.492139091833904	0.495838342735596
0.481307084378401	0.496923950593914	0.492139091833904	0.484278183667807
0.481307084378401	0.236642847002035	0.492139091833904	0.688661795986313
0.481307084378401	0.600089915290332	0.492139091833904	0.910616850087857
