x	xend	y	yend
0.481307084378401	0.609081444323506	0.492139091833904	0.122214001664663
0.481307084378401	0.536675973687947	0.492139091833904	0.758485156755757
0.481307084378401	0.150040225261464	0.492139091833904	0.419078886525479
0.481307084378401	0.789385263357153	0.492139091833904	0.518958660871174
