x	xend	y	yend
0.481307084378401	0.721238938053097	0.492139091833904	0.350180338481458
0.481307084378401	0.336022904737116	0.492139091833904	0.866225839267548
0.481307084378401	0.258885050399886	0.492139091833904	0.350180338481458
0.481307084378401	0.790804978467654	0.492139091833904	0.675714417830389
