x	xend	y	yend
0.481307084378401	0.567436467748805	0.492139091833904	0.590169240728752
0.481307084378401	0.309521556007761	0.492139091833904	0.810737075742162
0.481307084378401	0.480833846008234	0.492139091833904	0.189725330620549
0.481307084378401	0.913846954711088	0.492139091833904	0.598954961620272
