x	xend	y	yend
0.481307084378401	0.529577398135441	0.492139091833904	0.0514658281697956
0.481307084378401	0.347853863991292	0.492139091833904	0.597105336169426
0.481307084378401	0.197837300648337	0.492139091833904	0.482890964579673
0.481307084378401	0.832923193412522	0.492139091833904	0.585082770738925
