x	xend	y	yend
0.481307084378401	0.951706024324452	0.492139091833904	0.490289466383057
0.481307084378401	0.479414130897733	0.492139091833904	0.953620641820031
0.481307084378401	0.450546590317543	0.492139091833904	0.472718024600018
0.481307084378401	0.523898537693436	0.492139091833904	0.517571441783039
