x	xend	y	yend
0.481307084378401	0.56507027589797	0.492139091833904	0.591094053454175
0.481307084378401	0.327031375703942	0.492139091833904	0.815823545731989
0.481307084378401	0.501183095925418	0.492139091833904	0.196199019698511
0.481307084378401	0.920472291893427	0.492139091833904	0.600342180708407
