x	xend	y	yend
0.481307084378401	0.556078746864796	0.492139091833904	0.191574956071396
0.481307084378401	0.483673276229237	0.492139091833904	0.83986867659299
0.481307084378401	0.367256637168142	0.492139091833904	0.500924812725423
0.481307084378401	0.934669442998438	0.492139091833904	0.542078979006751
