x	xend	y	yend
0.481307084378401	0.579740665373148	0.492139091833904	0.529594007213539
0.481307084378401	0.431143817140694	0.492139091833904	0.883334874687876
0.481307084378401	0.617599734986513	0.492139091833904	0.272033663183205
0.481307084378401	0.920945530263594	0.492139091833904	0.596642929806714
