x	xend	y	yend
0.481307084378401	0.112654394018267	0.492139091833904	0.464394710071211
0.481307084378401	0.500236619185084	0.492139091833904	0.463469897345787
0.481307084378401	0.215347120344518	0.492139091833904	0.723804679552391
0.481307084378401	0.611920874544508	0.492139091833904	0.890270970128549
