x	xend	y	yend
0.481307084378401	0.650726420898206	0.492139091833904	0.442661611023768
0.481307084378401	0.466163456533056	0.492139091833904	0.896744659206511
0.481307084378401	0.637948984903696	0.492139091833904	0.302090076759456
0.481307084378401	0.893970943164072	0.492139091833904	0.599417367982983
