x	xend	y	yend
0.481307084378401	0.693317874213241	0.492139091833904	0.495375936372884
0.481307084378401	0.476101462306564	0.492139091833904	0.856977712013317
0.481307084378401	0.640788415124698	0.492139091833904	0.229954684176454
0.481307084378401	0.873148454876721	0.492139091833904	0.601729399796541
