x	xend	y	yend
0.481307084378401	0.590625147886991	0.492139091833904	0.516646629057616
0.481307084378401	0.419312857886517	0.492139091833904	0.885184500138722
0.481307084378401	0.598196961809664	0.492139091833904	0.274808101359475
0.481307084378401	0.922365245374095	0.492139091833904	0.598954961620272
