x	xend	y	yend
0.481307084378401	0.104609341725427	0.492139091833904	0.535605289928789
0.481307084378401	0.490771851781742	0.492139091833904	0.551789512623694
0.481307084378401	0.221025980786522	0.492139091833904	0.630398594284657
0.481307084378401	0.600563153660499	0.492139091833904	0.927263479145473
