x	xend	y	yend
0.481307084378401	0.551819601533292	0.492139091833904	0.332146490335707
0.481307084378401	0.433036770621362	0.492139091833904	0.919402570979377
0.481307084378401	0.629430694240689	0.492139091833904	0.485665402755942
0.481307084378401	0.922365245374095	0.492139091833904	0.567048922593175
