x	xend	y	yend
0.481307084378401	0.672495385925891	0.492139091833904	0.469018773698326
0.481307084378401	0.471369078604893	0.492139091833904	0.879173217423472
0.481307084378401	0.639368700014197	0.492139091833904	0.265097567742532
0.481307084378401	0.884506175760731	0.492139091833904	0.601729399796541
