x	xend	y	yend
0.481307084378401	0.726444560124935	0.492139091833904	0.550864699898271
0.481307084378401	0.445340968245705	0.492139091833904	0.797789697586239
0.481307084378401	0.610974397804174	0.492139091833904	0.165680199759549
0.481307084378401	0.863210449103213	0.492139091833904	0.594330897993156
