x	xend	y	yend
0.481307084378401	0.572642089820643	0.492139091833904	0.585082770738925
0.481307084378401	0.243268184184374	0.492139091833904	0.790391195782854
0.481307084378401	0.404169230041172	0.492139091833904	0.164755387034126
0.481307084378401	0.872201978136387	0.492139091833904	0.587394802552483
