x	xend	y	yend
0.481307084378401	0.677227769627561	0.492139091833904	0.396883381115324
0.481307084378401	0.335076427996782	0.492139091833904	0.881947655599741
0.481307084378401	0.382873503383654	0.492139091833904	0.317349486728937
0.481307084378401	0.874568169987222	0.492139091833904	0.641033940627023
