x	xend	y	yend
0.481307084378401	0.621385641947849	0.492139091833904	0.47919171367798
0.481307084378401	0.386659410344991	0.492139091833904	0.888883751040414
0.481307084378401	0.536675973687947	0.492139091833904	0.285905854064552
0.481307084378401	0.919525815153093	0.492139091833904	0.608203088874503
