x	xend	y	yend
0.481307084378401	0.533836543466944	0.492139091833904	0.580921113474521
0.481307084378401	0.484619752969571	0.492139091833904	0.871774715620087
0.481307084378401	0.688585490511571	0.492139091833904	0.263247942291686
0.481307084378401	0.903435710567413	0.492139091833904	0.590169240728752
