x	xend	y	yend
0.481307084378401	0.584946287444986	0.492139091833904	0.576759456210117
0.481307084378401	0.195944347167668	0.492139091833904	0.77420697308795
0.481307084378401	0.352586247692963	0.492139091833904	0.144409507074817
0.481307084378401	0.820618995788178	0.492139091833904	0.571210579857579
