x	xend	y	yend
0.481307084378401	0.623278595428517	0.492139091833904	0.572135392583002
0.481307084378401	0.235223131891534	0.492139091833904	0.778368630352354
0.481307084378401	0.401329799820169	0.492139091833904	0.14810875797651
0.481307084378401	0.851379489849037	0.492139091833904	0.577221862572829
