x	xend	y	yend
0.481307084378401	0.69189815910274	0.492139091833904	0.365439748450939
0.481307084378401	0.325138422223274	0.492139091833904	0.872237121982798
0.481307084378401	0.317566608300601	0.492139091833904	0.332608896698419
0.481307084378401	0.83954853059486	0.492139091833904	0.659067788772773
