x	xend	y	yend
0.481307084378401	0.820145757418011	0.492139091833904	0.410293165633959
0.481307084378401	0.397543892858833	0.492139091833904	0.903680754647184
0.481307084378401	0.294377928162415	0.492139091833904	0.373300656617035
0.481307084378401	0.740641711229946	0.492139091833904	0.646582816979562
