x	xend	y	yend
0.481307084378401	0.522005584212768	0.492139091833904	0.593868491630445
0.481307084378401	0.499290142444749	0.492139091833904	0.867613058355683
0.481307084378401	0.70467559509725	0.492139091833904	0.262323129566263
0.481307084378401	0.896337135014907	0.492139091833904	0.589706834366041
