x	xend	y	yend
0.481307084378401	0.580213903743315	0.492139091833904	0.0884583371867197
0.481307084378401	0.484146514599404	0.492139091833904	0.701146767779525
0.481307084378401	0.147674033410629	0.492139091833904	0.420928511976325
0.481307084378401	0.802162699351663	0.492139091833904	0.540691759918616
