x	xend	y	yend
0.481307084378401	0.702782641616582	0.492139091833904	0.558725608064367
0.481307084378401	0.36914959064881	0.492139091833904	0.791316008508277
0.481307084378401	0.541881595759784	0.492139091833904	0.159668917044299
0.481307084378401	0.87977379205906	0.492139091833904	0.590169240728752
