x	xend	y	yend
0.481307084378401	0.677701007997728	0.492139091833904	0.563812078054194
0.481307084378401	0.315200416449766	0.492139091833904	0.78622953851845
0.481307084378401	0.488878898301074	0.492139091833904	0.155507259779895
0.481307084378401	0.878354076948559	0.492139091833904	0.586007583464348
