x	xend	y	yend
0.481307084378401	0.572642089820643	0.492139091833904	0.581845926199944
0.481307084378401	0.212507690123515	0.492139091833904	0.781143068528623
0.481307084378401	0.36914959064881	0.492139091833904	0.153657634329048
0.481307084378401	0.84286119918603	0.492139091833904	0.579071488023675
