x	xend	y	yend
0.481307084378401	0.438715631063367	0.492139091833904	0.348330713030611
0.481307084378401	0.427831148549524	0.492139091833904	0.744150559511699
0.481307084378401	0.05917845818939	0.492139091833904	0.633173032460927
0.481307084378401	0.6838531068099	0.492139091833904	0.823222047535374
