x	xend	y	yend
0.481307084378401	0.571222374710141	0.492139091833904	0.578146675298252
0.481307084378401	0.184113387913492	0.492139091833904	0.772819753999815
0.481307084378401	0.33696938147745	0.492139091833904	0.143022287986683
0.481307084378401	0.808314798163835	0.492139091833904	0.569360954406733
