x	xend	y	yend
0.481307084378401	0.303842695565756	0.492139091833904	0.519883473596597
0.481307084378401	0.486039468080072	0.492139091833904	0.692361046888005
0.481307084378401	0.0705361790733993	0.492139091833904	0.629011375196523
0.481307084378401	0.634636316312527	0.492139091833904	0.88472209377601
