x	xend	y	yend
0.481307084378401	0.486985944820406	0.492139091833904	0.200823083325627
0.481307084378401	0.385712933604657	0.492139091833904	0.716868584111717
0.481307084378401	0.0951445743220861	0.492139091833904	0.603116618884676
0.481307084378401	0.737802281008944	0.492139091833904	0.749237029501526
