x	xend	y	yend
0.481307084378401	0.547560456201789	0.492139091833904	0.0607139554240266
0.481307084378401	0.408428375372675	0.492139091833904	0.635022657911773
0.481307084378401	0.177488050731153	0.492139091833904	0.442661611023768
0.481307084378401	0.830083763191519	0.492139091833904	0.561037639877925
