x	xend	y	yend
0.481307084378401	0.695210827693909	0.492139091833904	0.560575233515213
0.481307084378401	0.350693294212295	0.492139091833904	0.789466383057431
0.481307084378401	0.524371776063603	0.492139091833904	0.158281697956164
0.481307084378401	0.880720268799394	0.492139091833904	0.588782021640618
