x	xend	y	yend
0.481307084378401	0.713667124130424	0.492139091833904	0.521270692684731
0.481307084378401	0.480360607638067	0.492139091833904	0.83108295570147
0.481307084378401	0.642208130235199	0.492139091833904	0.198048645149357
0.481307084378401	0.860844257252378	0.492139091833904	0.599879774345695
