x	xend	y	yend
0.481307084378401	0.412214282334012	0.492139091833904	0.429714232867844
0.481307084378401	0.454805735649046	0.492139091833904	0.744150559511699
0.481307084378401	0.0492404524158819	0.492139091833904	0.633635438823638
0.481307084378401	0.65971794993138	0.492139091833904	0.847729584759086
