x	xend	y	yend
0.481307084378401	0.265037149212058	0.492139091833904	0.523120318135577
0.481307084378401	0.486512706450239	0.492139091833904	0.669703135115139
0.481307084378401	0.0880459987695802	0.492139091833904	0.630861000647369
0.481307084378401	0.631323647721357	0.492139091833904	0.894432627392953
