x	xend	y	yend
0.481307084378401	0.687639013771236	0.492139091833904	0.375612688430593
0.481307084378401	0.327504614074109	0.492139091833904	0.875936372884491
0.481307084378401	0.339335573328285	0.492139091833904	0.327522426708591
0.481307084378401	0.852325966589371	0.492139091833904	0.653056506057523
