x	xend	y	yend
0.481307084378401	0.131583928824949	0.492139091833904	0.533755664477943
0.481307084378401	0.489825375041408	0.492139091833904	0.575834643484694
0.481307084378401	0.18931900998533	0.492139091833904	0.631785813372792
0.481307084378401	0.608134967583172	0.492139091833904	0.923101821881069
