x	xend	y	yend
0.481307084378401	0.553239316643793	0.492139091833904	0.0653380190511421
0.481307084378401	0.423572003218021	0.492139091833904	0.648432442430408
0.481307084378401	0.170389475178647	0.492139091833904	0.437112734671229
0.481307084378401	0.825824617860016	0.492139091833904	0.557800795338944
