x	xend	y	yend
0.481307084378401	0.562230845676967	0.492139091833904	0.591556459816887
0.481307084378401	0.344541195400123	0.492139091833904	0.821372422084528
0.481307084378401	0.521532345842601	0.492139091833904	0.203135115139184
0.481307084378401	0.925204675595097	0.492139091833904	0.601729399796541
