x	xend	y	yend
0.481307084378401	0.4798873692679	0.492139091833904	0.223480995098493
0.481307084378401	0.391391794046661	0.492139091833904	0.724267085915102
0.481307084378401	0.0875727603994132	0.492139091833904	0.610515120688061
0.481307084378401	0.728337513605603	0.492139091833904	0.763571626745584
