x	xend	y	yend
0.481307084378401	0.853745681699872	0.492139091833904	0.430639045593267
0.481307084378401	0.418366381146183	0.492139091833904	0.916165726440396
0.481307084378401	0.314727178079599	0.492139091833904	0.386248034772958
0.481307084378401	0.71272064739009	0.492139091833904	0.629936187921946
