x	xend	y	yend
0.481307084378401	0.393757985897496	0.492139091833904	0.48520299639323
0.481307084378401	0.474681747196063	0.492139091833904	0.739064089521872
0.481307084378401	0.0464010221948795	0.492139091833904	0.6280865624711
0.481307084378401	0.645520798826369	0.492139091833904	0.858827337464163
