x	xend	y	yend
0.481307084378401	0.344067957029956	0.492139091833904	0.516646629057616
0.481307084378401	0.485566229709905	0.492139091833904	0.714094145935448
0.481307084378401	0.0563390279683877	0.492139091833904	0.626699343382965
0.481307084378401	0.637475746533529	0.492139091833904	0.874086747433644
