x	xend	y	yend
0.481307084378401	0.507808433107756	0.492139091833904	0.265097567742532
0.481307084378401	0.423098764847854	0.492139091833904	0.884259687413299
0.481307084378401	0.576901235152146	0.492139091833904	0.573060205308425
0.481307084378401	0.940348303440443	0.492139091833904	0.538379728105059
