x	xend	y	yend
0.481307084378401	0.559391415455965	0.492139091833904	0.59248127254231
0.481307084378401	0.362051015096304	0.492139091833904	0.826458892074355
0.481307084378401	0.542354834129951	0.492139091833904	0.209608804217146
0.481307084378401	0.928517344186267	0.492139091833904	0.602191806159253
