x	xend	y	yend
0.481307084378401	0.538095688798448	0.492139091833904	0.0523906408952187
0.481307084378401	0.37719464294165	0.492139091833904	0.608203088874503
0.481307084378401	0.193104916946666	0.492139091833904	0.454221770091556
0.481307084378401	0.837182338744025	0.492139091833904	0.56566170350504
