x	xend	y	yend
0.481307084378401	0.421205811367186	0.492139091833904	0.402432257467863
0.481307084378401	0.445340968245705	0.492139091833904	0.745075372237122
0.481307084378401	0.0520798826368842	0.492139091833904	0.634560251549061
0.481307084378401	0.667289763854053	0.492139091833904	0.840793489318413
