x	xend	y	yend
0.481307084378401	0.61807297335668	0.492139091833904	0.403819476555997
0.481307084378401	0.456698689129715	0.492139091833904	0.914778507352261
0.481307084378401	0.635582793052861	0.492139091833904	0.360815684823823
0.481307084378401	0.906748379158582	0.492139091833904	0.592943678905022
