x	xend	y	yend
0.481307084378401	0.631323647721357	0.492139091833904	0.466706741884768
0.481307084378401	0.376721404571483	0.492139091833904	0.889346157403126
0.481307084378401	0.515380247030429	0.492139091833904	0.289605104966244
0.481307084378401	0.91668638493209	0.492139091833904	0.611902339776195
