x	xend	y	yend
0.481307084378401	0.403222753300838	0.492139091833904	0.457458614630537
0.481307084378401	0.464270503052387	0.492139091833904	0.742300934060853
0.481307084378401	0.0473474989352137	0.492139091833904	0.63132340701008
0.481307084378401	0.652619374378875	0.492139091833904	0.853740867474336
