x	xend	y	yend
0.481307084378401	0.515380247030429	0.492139091833904	0.107416998057893
0.481307084378401	0.362051015096304	0.492139091833904	0.667391103301581
0.481307084378401	0.14104869622829	0.492139091833904	0.551789512623694
0.481307084378401	0.786072594765983	0.492139091833904	0.670165541477851
