x	xend	y	yend
0.481307084378401	0.587785717665988	0.492139091833904	0.095394432627393
0.481307084378401	0.498343665704415	0.492139091833904	0.713631739572736
0.481307084378401	0.143888126449293	0.492139091833904	0.418154073800055
0.481307084378401	0.795064123799158	0.492139091833904	0.535142883566078
