x	xend	y	yend
0.481307084378401	0.954545454545455	0.492139091833904	0.492139091833904
0.481307084378401	0.481307084378401	0.492139091833904	0.954545454545454
0.481307084378401	0.481307084378401	0.492139091833904	0.492139091833904
0.481307084378401	0.481307084378401	0.492139091833904	0.492139091833904
