x	xend	y	yend
0.481307084378401	0.591098386257158	0.492139091833904	0.144871913437529
0.481307084378401	0.521059107472434	0.492139091833904	0.791316008508277
0.481307084378401	0.219606265676021	0.492139091833904	0.446823268288172
0.481307084378401	0.857531588661209	0.492139091833904	0.530518819938962
