x	xend	y	yend
0.481307084378401	0.576901235152146	0.492139091833904	0.163830574308702
0.481307084378401	0.506388717997255	0.492139091833904	0.813511513918431
0.481307084378401	0.279707538687237	0.492139091833904	0.469018773698326
0.481307084378401	0.897756850125408	0.492139091833904	0.536992509016924
