x	xend	y	yend
0.481307084378401	0.742534664710615	0.492139091833904	0.363127716637381
0.481307084378401	0.349273579101794	0.492139091833904	0.874086747433644
0.481307084378401	0.264090672471724	0.492139091833904	0.35387958938315
0.481307084378401	0.783233164544981	0.492139091833904	0.671552760565985
