x	xend	y	yend
0.481307084378401	0.572642089820643	0.492139091833904	0.583695551650791
0.481307084378401	0.227651317968861	0.492139091833904	0.785767132155738
0.481307084378401	0.386186171974824	0.492139091833904	0.159206510681587
0.481307084378401	0.858478065401543	0.492139091833904	0.583695551650791
