x	xend	y	yend
0.481307084378401	0.38523969523449	0.492139091833904	0.512947378155923
0.481307084378401	0.485092991339738	0.492139091833904	0.734902432257468
0.481307084378401	0.0454545454545454	0.492139091833904	0.623462498843984
0.481307084378401	0.63889546164403	0.492139091833904	0.862526588365856
