x	xend	y	yend
0.481307084378401	0.570749136339974	0.492139091833904	0.587857208915195
0.481307084378401	0.275448393355733	0.492139091833904	0.800564135762508
0.481307084378401	0.441555061284369	0.492139091833904	0.177240358827337
0.481307084378401	0.89586389664474	0.492139091833904	0.593868491630445
