x	xend	y	yend
0.481307084378401	0.762883914627798	0.492139091833904	0.375612688430593
0.481307084378401	0.362051015096304	0.492139091833904	0.881947655599741
0.481307084378401	0.270242771283896	0.492139091833904	0.357578840284842
0.481307084378401	0.774714873881974	0.492139091833904	0.666466290576158
