x	xend	y	yend
0.481307084378401	0.66776300222422	0.492139091833904	0.56566170350504
0.481307084378401	0.298163835123752	0.492139091833904	0.784842319430315
0.481307084378401	0.470895840234726	0.492139091833904	0.15412004069176
0.481307084378401	0.875514646727557	0.492139091833904	0.584157958013502
