x	xend	y	yend
0.481307084378401	0.533363305096777	0.492139091833904	0.593868491630445
0.481307084378401	0.466636694903223	0.492139091833904	0.85790252473874
0.481307084378401	0.665396810373385	0.492139091833904	0.249375751410339
0.481307084378401	0.913846954711088	0.492139091833904	0.595718117081291
