x	xend	y	yend
0.481307084378401	0.657351758080545	0.492139091833904	0.567511328955886
0.481307084378401	0.281600492167905	0.492139091833904	0.782992693979469
0.481307084378401	0.453386020538545	0.492139091833904	0.152732821603625
0.481307084378401	0.871255501396053	0.492139091833904	0.582770738925368
