x	xend	y	yend
0.481307084378401	0.323718707112773	0.492139091833904	0.51803384814575
0.481307084378401	0.485566229709905	0.492139091833904	0.702996393230371
0.481307084378401	0.0629643651507264	0.492139091833904	0.6280865624711
0.481307084378401	0.636056031423028	0.492139091833904	0.879635623786183
