x	xend	y	yend
0.481307084378401	0.695210827693909	0.492139091833904	0.355729214833996
0.481307084378401	0.323245468742606	0.492139091833904	0.868075464718394
0.481307084378401	0.296270881643084	0.492139091833904	0.337232960325534
0.481307084378401	0.826297856230183	0.492139091833904	0.665541477850735
