x	xend	y	yend
0.481307084378401	0.640315176754531	0.492139091833904	0.429714232867844
0.481307084378401	0.462850787941886	0.492139091833904	0.904143161009895
0.481307084378401	0.637002508163362	0.492139091833904	0.321511143993341
0.481307084378401	0.898703326865742	0.492139091833904	0.597567742532137
