x	xend	y	yend
0.481307084378401	0.174648620510151	0.492139091833904	0.358966059372977
0.481307084378401	0.507808433107756	0.492139091833904	0.406131508369555
0.481307084378401	0.16991623680848	0.492139091833904	0.795477665772681
0.481307084378401	0.661610903412049	0.492139091833904	0.802876167576066
