x	xend	y	yend
0.481307084378401	0.721712176423264	0.492139091833904	0.552714325349117
0.481307084378401	0.425938195068856	0.492139091833904	0.796402478498104
0.481307084378401	0.594411054848327	0.492139091833904	0.164292980671414
0.481307084378401	0.868889309545218	0.492139091833904	0.593406085267733
