x	xend	y	yend
0.481307084378401	0.527684444654773	0.492139091833904	0.593868491630445
0.481307084378401	0.48320003785907	0.492139091833904	0.862988994728567
0.481307084378401	0.685272821920401	0.492139091833904	0.255849440488301
0.481307084378401	0.905801902418248	0.492139091833904	0.592943678905022
