x	xend	y	yend
0.481307084378401	0.571695613080309	0.492139091833904	0.58646998982706
0.481307084378401	0.259358288770053	0.492139091833904	0.795477665772681
0.481307084378401	0.422625526477687	0.492139091833904	0.170766669749376
0.481307084378401	0.884979414130898	0.492139091833904	0.591094053454175
