x	xend	y	yend
0.481307084378401	0.604349060621835	0.492139091833904	0.109729029871451
0.481307084378401	0.526264729544271	0.492139091833904	0.737676870433737
0.481307084378401	0.137262789266954	0.492139091833904	0.413992416535651
0.481307084378401	0.778974019213478	0.492139091833904	0.522657911772866
