x	xend	y	yend
0.481307084378401	0.733543135677441	0.492139091833904	0.546703042633867
0.481307084378401	0.483673276229237	0.492139091833904	0.80102654212522
0.481307084378401	0.643627845345701	0.492139091833904	0.16891704429853
0.481307084378401	0.8475935828877	0.492139091833904	0.596180523444003
