x	xend	y	yend
0.481307084378401	0.723605129903933	0.492139091833904	0.534218070840655
0.481307084378401	0.481780322748568	0.492139091833904	0.816285952094701
0.481307084378401	0.643154606975534	0.492139091833904	0.182789235179876
0.481307084378401	0.854218920070039	0.492139091833904	0.59849255525756
