x	xend	y	yend
0.481307084378401	0.596304008328995	0.492139091833904	0.378849532969574
0.481307084378401	0.449126875207042	0.492139091833904	0.921252196430223
0.481307084378401	0.633689839572192	0.492139091833904	0.401969851105151
0.481307084378401	0.913373716340921	0.492139091833904	0.586007583464348
