x	xend	y	yend
0.481307084378401	0.686692537030902	0.492139091833904	0.562424858966059
0.481307084378401	0.332710236145947	0.492139091833904	0.788079163969296
0.481307084378401	0.506388717997255	0.492139091833904	0.156894478868029
0.481307084378401	0.880247030429227	0.492139091833904	0.587394802552483
