x	xend	y	yend
0.481307084378401	0.569329421229473	0.492139091833904	0.588782021640618
0.481307084378401	0.292484974681747	0.492139091833904	0.805650605752335
0.481307084378401	0.460957834461218	0.492139091833904	0.183251641542588
0.481307084378401	0.905801902418248	0.492139091833904	0.596642929806714
