x	xend	y	yend
0.481307084378401	0.656878519710378	0.492139091833904	0.430639045593267
0.481307084378401	0.352586247692963	0.492139091833904	0.887958938314991
0.481307084378401	0.449600113577209	0.492139091833904	0.303014889484879
0.481307084378401	0.900123041976243	0.492139091833904	0.62531212429483
