x	xend	y	yend
0.481307084378401	0.545667502721121	0.492139091833904	0.567973735318598
0.481307084378401	0.470895840234726	0.492139091833904	0.875011560159068
0.481307084378401	0.672022147555724	0.492139091833904	0.265097567742532
0.481307084378401	0.909587809379584	0.492139091833904	0.591556459816887
