x	xend	y	yend
0.481307084378401	0.513014055179594	0.492139091833904	0.256311846851013
0.481307084378401	0.43019734040036	0.492139091833904	0.880098030148895
0.481307084378401	0.554185793384128	0.492139091833904	0.565199297142329
0.481307084378401	0.945080687142113	0.492139091833904	0.539766947193193
