x	xend	y	yend
0.481307084378401	0.562704084047134	0.492139091833904	0.343244243040784
0.481307084378401	0.437295915952865	0.492139091833904	0.921714602792934
0.481307084378401	0.630377170981023	0.492139091833904	0.464394710071211
0.481307084378401	0.920472291893427	0.492139091833904	0.572135392583002
