x	xend	y	yend
0.481307084378401	0.664450333633051	0.492139091833904	0.419078886525479
0.481307084378401	0.345960910510624	0.492139091833904	0.886571719226856
0.481307084378401	0.427357910179357	0.492139091833904	0.307638953111995
0.481307084378401	0.89255122805357	0.492139091833904	0.630398594284657
