x	xend	y	yend
0.481307084378401	0.103662864985093	0.492139091833904	0.480578932766115
0.481307084378401	0.498816904074582	0.492139091833904	0.473642837325442
0.481307084378401	0.225758364488193	0.492139091833904	0.706695644132063
0.481307084378401	0.605768775732336	0.492139091833904	0.900906316470915
