x	xend	y	yend
0.481307084378401	0.584946287444986	0.492139091833904	0.366364561176362
0.481307084378401	0.445340968245705	0.492139091833904	0.922639415518357
0.481307084378401	0.632743362831858	0.492139091833904	0.422778137427171
0.481307084378401	0.916213146561923	0.492139091833904	0.581845926199944
