x	xend	y	yend
0.481307084378401	0.640315176754531	0.492139091833904	0.454684176454268
0.481307084378401	0.368203113908476	0.492139091833904	0.889346157403126
0.481307084378401	0.493611282002745	0.492139091833904	0.29422916859336
0.481307084378401	0.912427239600587	0.492139091833904	0.616063997040599
