x	xend	y	yend
0.481307084378401	0.611447636174341	0.492139091833904	0.49121427910848
0.481307084378401	0.396597416118499	0.492139091833904	0.888421344677703
0.481307084378401	0.557498461975297	0.492139091833904	0.281744196800148
0.481307084378401	0.921892007003928	0.492139091833904	0.604966244335522
