x	xend	y	yend
0.481307084378401	0.942714495291278	0.492139091833904	0.48520299639323
0.481307084378401	0.474208508825896	0.492139091833904	0.949921390918339
0.481307084378401	0.420259334626851	0.492139091833904	0.453296957366133
0.481307084378401	0.566016752638304	0.492139091833904	0.542541385369463
