x	xend	y	yend
0.481307084378401	0.709881217169088	0.492139091833904	0.556875982613521
0.481307084378401	0.388079125455492	0.492139091833904	0.792703227596412
0.481307084378401	0.559864653826132	0.492139091833904	0.161518542495145
0.481307084378401	0.877407600208225	0.492139091833904	0.591094053454175
