x	xend	y	yend
0.481307084378401	0.523898537693436	0.492139091833904	0.239202811430685
0.481307084378401	0.444394491505371	0.492139091833904	0.871774715620087
0.481307084378401	0.507335194737589	0.492139091833904	0.549477480810136
0.481307084378401	0.950286309213951	0.492139091833904	0.542078979006751
