x	xend	y	yend
0.481307084378401	0.519639392361933	0.492139091833904	0.0930824008138352
0.481307084378401	0.358265108134968	0.492139091833904	0.65490613150837
0.481307084378401	0.151933178742132	0.492139091833904	0.53884213446777
0.481307084378401	0.795537362169325	0.492139091833904	0.653518912420235
