x	xend	y	yend
0.481307084378401	0.161397946145473	0.492139091833904	0.531443632664385
0.481307084378401	0.488878898301074	0.492139091833904	0.599879774345695
0.481307084378401	0.159504992664805	0.492139091833904	0.632710626098215
0.481307084378401	0.615233543135677	0.492139091833904	0.91755294552853
