x	xend	y	yend
0.481307084378401	0.545667502721121	0.492139091833904	0.206834366040877
0.481307084378401	0.470895840234726	0.492139091833904	0.851428835660779
0.481307084378401	0.413633997444513	0.492139091833904	0.517109035420327
0.481307084378401	0.945080687142113	0.492139091833904	0.543003791732174
