x	xend	y	yend
0.481307084378401	0.568382944489139	0.492139091833904	0.542541385369463
0.481307084378401	0.443921253135204	0.492139091833904	0.881022842874318
0.481307084378401	0.636529269793195	0.492139091833904	0.269259225006936
0.481307084378401	0.918106100042591	0.492139091833904	0.594330897993156
