x	xend	y	yend
0.481307084378401	0.547560456201789	0.492139091833904	0.593868491630445
0.481307084378401	0.415053712555014	0.492139091833904	0.842643114769259
0.481307084378401	0.604349060621835	0.492139091833904	0.229954684176454
0.481307084378401	0.928517344186267	0.492139091833904	0.60126699343383
