x	xend	y	yend
0.481307084378401	0.629430694240689	0.492139091833904	0.416766854711921
0.481307084378401	0.460011357720884	0.492139091833904	0.910154443725146
0.481307084378401	0.636056031423028	0.492139091833904	0.340932211227226
0.481307084378401	0.902962472197246	0.492139091833904	0.595255710718579
