x	xend	y	yend
0.481307084378401	0.55702522360513	0.492139091833904	0.555026357162674
0.481307084378401	0.457171927499882	0.492139091833904	0.878248404698049
0.481307084378401	0.654512327859543	0.492139091833904	0.266947193193378
0.481307084378401	0.914320193081255	0.492139091833904	0.592943678905022
