x	xend	y	yend
0.481307084378401	0.947920117363116	0.492139091833904	0.4879774345695
0.481307084378401	0.477047939046898	0.492139091833904	0.952233422731897
0.481307084378401	0.435402962472197	0.492139091833904	0.463007490983076
0.481307084378401	0.545194264350954	0.492139091833904	0.530056413576251
