x	xend	y	yend
0.481307084378401	0.228597794709195	0.492139091833904	0.526357162674558
0.481307084378401	0.487459183190573	0.492139091833904	0.647045223342273
0.481307084378401	0.108868487056931	0.492139091833904	0.632248219735503
0.481307084378401	0.626591264019687	0.492139091833904	0.903218348284472
