x	xend	y	yend
0.481307084378401	0.0804741848469074	0.492139091833904	0.536992509016924
0.481307084378401	0.491718328522077	0.492139091833904	0.527744381762693
0.481307084378401	0.25509914343855	0.492139091833904	0.628548968833811
0.481307084378401	0.592044862997492	0.492139091833904	0.930037917321742
