x	xend	y	yend
0.481307084378401	0.530523874875775	0.492139091833904	0.0454545454545455
0.481307084378401	0.345960910510624	0.492139091833904	0.580921113474521
0.481307084378401	0.210614736642847	0.492139091833904	0.467631554610191
0.481307084378401	0.841441484075529	0.492139091833904	0.567973735318598
