x	xend	y	yend
0.481307084378401	0.635109554682694	0.492139091833904	0.570748173494867
0.481307084378401	0.250366759736879	0.492139091833904	0.779755849440488
0.481307084378401	0.418366381146183	0.492139091833904	0.149495977064644
0.481307084378401	0.859424542141877	0.492139091833904	0.579071488023675
