x	xend	y	yend
0.481307084378401	0.595830769958828	0.492139091833904	0.138860630722279
0.481307084378401	0.525318252803937	0.492139091833904	0.783455100342181
0.481307084378401	0.200676730869339	0.492139091833904	0.439424766484787
0.481307084378401	0.841914722445696	0.492139091833904	0.528206788125405
