x	xend	y	yend
0.481307084378401	0.210614736642847	0.492139091833904	0.527744381762693
0.481307084378401	0.48793242156074	0.492139091833904	0.635485064274484
0.481307084378401	0.12022620794094	0.492139091833904	0.632248219735503
0.481307084378401	0.624225072168851	0.492139091833904	0.907380005548876
