x	xend	y	yend
0.481307084378401	0.52815768302494	0.492139091833904	0.059326736335892
0.481307084378401	0.349746817471961	0.492139091833904	0.612364746138907
0.481307084378401	0.18600634139416	0.492139091833904	0.497687968186442
0.481307084378401	0.823931664379348	0.492139091833904	0.602191806159253
