x	xend	y	yend
0.481307084378401	0.550873124792958	0.492139091833904	0.19897345787478
0.481307084378401	0.477521177417065	0.492139091833904	0.84587995930824
0.481307084378401	0.390445317306327	0.492139091833904	0.508785720891519
0.481307084378401	0.940348303440443	0.492139091833904	0.543003791732174
