x	xend	y	yend
0.481307084378401	0.837182338744025	0.492139091833904	0.420928511976325
0.481307084378401	0.408428375372675	0.492139091833904	0.910154443725146
0.481307084378401	0.304315933935923	0.492139091833904	0.379774345694997
0.481307084378401	0.727391036865269	0.492139091833904	0.638721908813465
