x	xend	y	yend
0.481307084378401	0.246580852775543	0.492139091833904	0.524969943586424
0.481307084378401	0.486985944820406	0.492139091833904	0.658605382410062
0.481307084378401	0.0979840045430883	0.492139091833904	0.631785813372792
0.481307084378401	0.628957455870522	0.492139091833904	0.899056691020068
