x	xend	y	yend
0.481307084378401	0.185533103023993	0.492139091833904	0.340469804864515
0.481307084378401	0.50875490984809	0.492139091833904	0.397808193840747
0.481307084378401	0.165657091476977	0.492139091833904	0.801951354850643
0.481307084378401	0.67107567081539	0.492139091833904	0.785304725793027
