x	xend	y	yend
0.481307084378401	0.604822298992002	0.492139091833904	0.12730047165449
0.481307084378401	0.53289006672661	0.492139091833904	0.766808471284565
0.481307084378401	0.166130329847144	0.492139091833904	0.42555257560344
0.481307084378401	0.807841559793668	0.492139091833904	0.522195505410154
