x	xend	y	yend
0.481307084378401	0.525791491174104	0.492139091833904	0.0690372699528345
0.481307084378401	0.352586247692963	0.492139091833904	0.627161749745676
0.481307084378401	0.174175382139984	0.492139091833904	0.5120225654305
0.481307084378401	0.814466896976007	0.492139091833904	0.61930084157958
