x	xend	y	yend
0.481307084378401	0.284439922388907	0.492139091833904	0.521733099047443
0.481307084378401	0.486512706450239	0.492139091833904	0.680800887820216
0.481307084378401	0.0785812313662392	0.492139091833904	0.629936187921946
0.481307084378401	0.633216601202025	0.492139091833904	0.889808563765837
