x	xend	y	yend
0.481307084378401	0.551819601533292	0.492139091833904	0.593406085267733
0.481307084378401	0.397543892858833	0.492139091833904	0.83709423841672
0.481307084378401	0.583526572334485	0.492139091833904	0.223018588735781
0.481307084378401	0.929937059296768	0.492139091833904	0.602191806159253
