x	xend	y	yend
0.481307084378401	0.581633618853817	0.492139091833904	0.157356885230741
0.481307084378401	0.511594340069093	0.492139091833904	0.806575418477758
0.481307084378401	0.258885050399886	0.492139091833904	0.461620271894941
0.481307084378401	0.885452652501065	0.492139091833904	0.535142883566078
