x	xend	y	yend
0.481307084378401	0.607188490842837	0.492139091833904	0.391334504762786
0.481307084378401	0.452912782168378	0.492139091833904	0.918477758253953
0.481307084378401	0.634636316312527	0.492139091833904	0.381161564783131
0.481307084378401	0.910061047749751	0.492139091833904	0.589706834366041
