x	xend	y	yend
0.481307084378401	0.883559699020396	0.492139091833904	0.448672893739018
0.481307084378401	0.436822677582698	0.492139091833904	0.927725885508184
0.481307084378401	0.337915858217784	0.492139091833904	0.401045038379728
0.481307084378401	0.680540438218731	0.492139091833904	0.610977527050772
