x	xend	y	yend
0.481307084378401	0.555605508494629	0.492139091833904	0.592943678905022
0.481307084378401	0.379560834792485	0.492139091833904	0.832007768426894
0.481307084378401	0.562704084047134	0.492139091833904	0.216544899657819
0.481307084378401	0.929937059296768	0.492139091833904	0.602654212521964
