x	xend	y	yend
0.481307084378401	0.502602811035919	0.492139091833904	0.273883288634052
0.481307084378401	0.415526950925181	0.492139091833904	0.88749653195228
0.481307084378401	0.599616676920165	0.492139091833904	0.580921113474521
0.481307084378401	0.934196204628271	0.492139091833904	0.536530102654213
