x	xend	y	yend
0.481307084378401	0.936089158108939	0.492139091833904	0.481041339128826
0.481307084378401	0.469949363494392	0.492139091833904	0.947609359104781
0.481307084378401	0.405588945151673	0.492139091833904	0.444048830111902
0.481307084378401	0.586366002555487	0.492139091833904	0.555026357162674
