x	xend	y	yend
0.481307084378401	0.782759926174814	0.492139091833904	0.387635253861093
0.481307084378401	0.374355212720647	0.492139091833904	0.889346157403126
0.481307084378401	0.277814585206569	0.492139091833904	0.362665310274669
0.481307084378401	0.764303629738299	0.492139091833904	0.660455007860908
