x	xend	y	yend
0.481307084378401	0.0923051441010837	0.492139091833904	0.536067696291501
0.481307084378401	0.491245090151909	0.492139091833904	0.539766947193193
0.481307084378401	0.238062562112536	0.492139091833904	0.629473781559234
0.481307084378401	0.596304008328995	0.492139091833904	0.928650698233608
