x	xend	y	yend
0.481307084378401	0.869362547915385	0.492139091833904	0.44034957921021
0.481307084378401	0.428304386919691	0.492139091833904	0.922177009155646
0.481307084378401	0.326084898963608	0.492139091833904	0.393646536576343
0.481307084378401	0.697103781174578	0.492139091833904	0.620688060667715
