x	xend	y	yend
0.481307084378401	0.499763380814916	0.492139091833904	0.159668917044299
0.481307084378401	0.374828451090814	0.492139091833904	0.69975954869139
0.481307084378401	0.1121811556481	0.492139091833904	0.585082770738925
0.481307084378401	0.757205054185793	0.492139091833904	0.719180615925275
