x	xend	y	yend
0.481307084378401	0.529577398135441	0.492139091833904	0.310875797650976
0.481307084378401	0.423572003218021	0.492139091833904	0.91154166281328
0.481307084378401	0.626591264019687	0.492139091833904	0.527281975399981
0.481307084378401	0.925204675595097	0.492139091833904	0.555026357162674
