x	xend	y	yend
0.509503502058596	0.643906171709627	0.489537316903046	0.236107881887933
0.509503502058596	0.328371427396445	0.489537316903046	0.756916996047431
0.509503502058596	0.177057163550913	0.489537316903046	0.210997442455243
0.509503502058596	0.700871541627945	0.489537316903046	0.436526389211811
