x	xend	y	yend
0.509503502058596	0.603407354033323	0.489537316903046	0.387235526621716
0.509503502058596	0.0978396960082519	0.489537316903046	0.334689607068124
0.509503502058596	0.515289047440925	0.489537316903046	0.292373866542665
0.509503502058596	0.649691717091956	0.489537316903046	0.111485700999768
