x	xend	y	yend
0.509503502058596	0.513953921583465	0.489537316903046	0.14868635201116
0.509503502058596	0.369315287025236	0.489537316903046	0.644385026737968
0.509503502058596	0.306564371724589	0.489537316903046	0.2258777028598
0.509503502058596	0.880223448480149	0.489537316903046	0.407695884677982
