x	xend	y	yend
0.509503502058596	0.44096704137562	0.489537316903046	0.0742850499883748
0.509503502058596	0.319470588346707	0.489537316903046	0.528598000465008
0.509503502058596	0.403138475414237	0.489537316903046	0.312834224598931
0.509503502058596	0.891349497292321	0.489537316903046	0.385375494071146
