x	xend	y	yend
0.509503502058596	0.307899497582049	0.489537316903046	0.656010230179028
0.509503502058596	0.322140840061629	0.489537316903046	0.776447337828412
0.509503502058596	0.489031572244201	0.489537316903046	0.68344571029993
0.509503502058596	0.160590611308899	0.489537316903046	0.22773773541037
