x	xend	y	yend
0.509503502058596	0.438741831613186	0.489537316903046	0.682515694024645
0.509503502058596	0.419159985703764	0.489537316903046	0.339339688444548
0.509503502058596	0.349288399163327	0.489537316903046	0.856428737502906
0.509503502058596	0.110300870677884	0.489537316903046	0.342129737270402
