x	xend	y	yend
0.509503502058596	0.475235271717108	0.489537316903046	0.641129969774471
0.509503502058596	0.443637293090541	0.489537316903046	0.267728435247617
0.509503502058596	0.34172268597105	0.489537316903046	0.848058591025343
0.509503502058596	0.104070283343068	0.489537316903046	0.364450127877238
