x	xend	y	yend
0.509503502058596	0.594506514983586	0.489537316903046	0.511857707509881
0.509503502058596	0.486361320529279	0.489537316903046	0.130551034643106
0.509503502058596	0.350178483068301	0.489537316903046	0.771332248314345
0.509503502058596	0.103625241390581	0.489537316903046	0.403975819576843
