x	xend	y	yend
0.509503502058596	0.683069863528471	0.489537316903046	0.274238549174611
0.509503502058596	0.327926385443958	0.489537316903046	0.792722622645896
0.509503502058596	0.157920359593978	0.489537316903046	0.213787491281097
0.509503502058596	0.615868528702955	0.489537316903046	0.447221576377587
