x	xend	y	yend
0.509503502058596	0.821477910751884	0.489537316903046	0.387235526621716
0.509503502058596	0.450757964330331	0.489537316903046	0.139851197395954
0.509503502058596	0.388007049029684	0.489537316903046	0.739711694954662
0.509503502058596	0.222006400752085	0.489537316903046	0.344454777958614
