x	xend	y	yend
0.509503502058596	0.485026194671819	0.489537316903046	0.0487096024180424
0.509503502058596	0.142343891256938	0.489537316903046	0.430016275284818
0.509503502058596	0.414264524226408	0.489537316903046	0.501162520344106
0.509503502058596	0.740925317351762	0.489537316903046	0.353754940711462
