x	xend	y	yend
0.509503502058596	0.520629550870767	0.489537316903046	0.0900953266682167
0.509503502058596	0.0969496121032782	0.489537316903046	0.397930713787491
0.509503502058596	0.578039962741572	0.489537316903046	0.326784468728203
0.509503502058596	0.660817765904128	0.489537316903046	0.342594745408045
