x	xend	y	yend
0.509503502058596	0.458768719475094	0.489537316903046	0.0468495698674727
0.509503502058596	0.205539848510072	0.489537316903046	0.466286910020925
0.509503502058596	0.404918643224184	0.489537316903046	0.4188560799814
0.509503502058596	0.813022113654634	0.489537316903046	0.368170192978377
