x	xend	y	yend
0.509503502058596	0.58115525640898	0.489537316903046	0.321204371076494
0.509503502058596	0.0942793603883571	0.489537316903046	0.332829574517554
0.509503502058596	0.531310557730452	0.489537316903046	0.275633573587538
0.509503502058596	0.65058180099693	0.489537316903046	0.146361311322948
