x	xend	y	yend
0.509503502058596	0.369760328977722	0.489537316903046	0.745756800744013
0.509503502058596	0.359969406023012	0.489537316903046	0.514647756335736
0.509503502058596	0.393792594412013	0.489537316903046	0.817833062078586
0.509503502058596	0.131662884397253	0.489537316903046	0.284468728202744
