x	xend	y	yend
0.509503502058596	0.890459413387347	0.489537316903046	0.441641478725878
0.509503502058596	0.46366418095245	0.489537316903046	0.919204836084631
0.509503502058596	0.285202358005219	0.489537316903046	0.318879330388282
0.509503502058596	0.529975431872992	0.489537316903046	0.474657056498489
