x	xend	y	yend
0.509503502058596	0.546887026067492	0.489537316903046	0.0640548709602418
0.509503502058596	0.0849334793861331	0.489537316903046	0.402115787026273
0.509503502058596	0.497932411293938	0.489537316903046	0.503022552894676
0.509503502058596	0.637230542422324	0.489537316903046	0.323994419902348
