x	xend	y	yend
0.509503502058596	0.948759909163125	0.489537316903046	0.484887235526622
0.509503502058596	0.505053082533727	0.489537316903046	0.951290397581958
0.509503502058596	0.437406705755725	0.489537316903046	0.434666356661242
0.509503502058596	0.515734089393412	0.489537316903046	0.485352243664264
