x	xend	y	yend
0.509503502058596	0.566468871976914	0.489537316903046	0.279353638688677
0.509503502058596	0.0929442345308965	0.489537316903046	0.335619623343409
0.509503502058596	0.542436606542624	0.489537316903046	0.267728435247617
0.509503502058596	0.651916926854391	0.489537316903046	0.174726807719135
