x	xend	y	yend
0.509503502058596	0.670608688858839	0.489537316903046	0.470006975122065
0.509503502058596	0.481020817099437	0.489537316903046	0.130551034643106
0.509503502058596	0.350623525020788	0.489537316903046	0.767612183213206
0.509503502058596	0.127212464872385	0.489537316903046	0.392350616135782
