x	xend	y	yend
0.509503502058596	0.266955637953258	0.489537316903046	0.453266682166938
0.509503502058596	0.325701175681524	0.489537316903046	0.904324575680074
0.509503502058596	0.555342823164742	0.489537316903046	0.527202976052081
0.509503502058596	0.187738170410597	0.489537316903046	0.285863752615671
