x	xend	y	yend
0.509503502058596	0.954545454545455	0.489537316903046	0.489537316903046
0.509503502058596	0.509503502058596	0.489537316903046	0.954545454545455
0.509503502058596	0.509503502058596	0.489537316903046	0.489537316903046
0.509503502058596	0.509503502058596	0.489537316903046	0.489537316903046
