x	xend	y	yend
0.509503502058596	0.440076957470646	0.489537316903046	0.0807951639153685
0.509503502058596	0.337272266446182	0.489537316903046	0.538363171355499
0.509503502058596	0.404473601271697	0.489537316903046	0.298883980469658
0.509503502058596	0.900250336342058	0.489537316903046	0.387235526621716
