x	xend	y	yend
0.509503502058596	0.783649344790501	0.489537316903046	0.408160892815624
0.509503502058596	0.461884013142502	0.489537316903046	0.136131132294815
0.509503502058596	0.372430580692644	0.489537316903046	0.750406882120437
0.509503502058596	0.189963380173032	0.489537316903046	0.360730062776099
