x	xend	y	yend
0.509503502058596	0.938078902303441	0.489537316903046	0.476982097186701
0.509503502058596	0.497487369341451	0.489537316903046	0.945245291792606
0.509503502058596	0.390677300744605	0.489537316903046	0.398860730062776
0.509503502058596	0.519739466965794	0.489537316903046	0.482097186700767
