x	xend	y	yend
0.509503502058596	0.868652357715491	0.489537316903046	0.361660079051383
0.509503502058596	0.431176118420909	0.489537316903046	0.147756335735875
0.509503502058596	0.417824859846303	0.489537316903046	0.720181353173681
0.509503502058596	0.275856477002995	0.489537316903046	0.317019297837712
