x	xend	y	yend
0.509503502058596	0.270515973573153	0.489537316903046	0.472332015810277
0.509503502058596	0.325256133729037	0.489537316903046	0.899209486166008
0.509503502058596	0.549557277782413	0.489537316903046	0.543013252731923
0.509503502058596	0.185067918695676	0.489537316903046	0.276563589862823
