x	xend	y	yend
0.509503502058596	0.529975431872992	0.489537316903046	0.0775401069518717
0.509503502058596	0.0929442345308965	0.489537316903046	0.400720762613346
0.509503502058596	0.558903158784637	0.489537316903046	0.369565217391304
0.509503502058596	0.656367346379259	0.489537316903046	0.334689607068124
