x	xend	y	yend
0.509503502058596	0.526415096253097	0.489537316903046	0.170076726342711
0.509503502058596	0.0965045701507914	0.489537316903046	0.361195070913741
0.509503502058596	0.578930046646546	0.489537316903046	0.259358288770054
0.509503502058596	0.65903759809418	0.489537316903046	0.27795861427575
