x	xend	y	yend
0.509503502058596	0.620318948227824	0.489537316903046	0.497442455242967
0.509503502058596	0.485026194671819	0.489537316903046	0.130086026505464
0.509503502058596	0.349288399163327	0.489537316903046	0.770867240176703
0.509503502058596	0.110300870677884	0.489537316903046	0.400720762613346
