x	xend	y	yend
0.509503502058596	0.320360672251681	0.489537316903046	0.702976052080911
0.509503502058596	0.322140840061629	0.489537316903046	0.718321320623111
0.509503502058596	0.470784852192239	0.489537316903046	0.714601255521972
0.509503502058596	0.15480506592657	0.489537316903046	0.230062776098582
