x	xend	y	yend
0.509503502058596	0.440521999423133	0.489537316903046	0.105440595210416
0.509503502058596	0.393347552459526	0.489537316903046	0.567193675889328
0.509503502058596	0.40981410470154	0.489537316903046	0.259358288770054
0.509503502058596	0.921612350061427	0.489537316903046	0.39188560799814
