x	xend	y	yend
0.509503502058596	0.868652357715491	0.489537316903046	0.350034875610323
0.509503502058596	0.250044043758758	0.489537316903046	0.241687979539642
0.509503502058596	0.488586530291714	0.489537316903046	0.535573122529644
0.509503502058596	0.545551900210032	0.489537316903046	0.124505928853755
