x	xend	y	yend
0.509503502058596	0.473455103907161	0.489537316903046	0.0459195535921879
0.509503502058596	0.165486072786254	0.489537316903046	0.443501511276447
0.509503502058596	0.40981410470154	0.489537316903046	0.468146942571495
0.509503502058596	0.771188170120869	0.489537316903046	0.359800046500814
