x	xend	y	yend
0.509503502058596	0.699536415770485	0.489537316903046	0.294233899093234
0.509503502058596	0.330151595206392	0.489537316903046	0.809462915601023
0.509503502058596	0.15480506592657	0.489537316903046	0.217042548244594
0.509503502058596	0.571364333454269	0.489537316903046	0.452801674029296
