x	xend	y	yend
0.509503502058596	0.559793242689611	0.489537316903046	0.259358288770054
0.509503502058596	0.0929442345308965	0.489537316903046	0.337944664031621
0.509503502058596	0.548222151924953	0.489537316903046	0.26447337828412
0.509503502058596	0.652807010759365	0.489537316903046	0.190072076261335
