x	xend	y	yend
0.509503502058596	0.295883364864904	0.489537316903046	0.604394326900721
0.509503502058596	0.322585882014116	0.489537316903046	0.825738200418507
0.509503502058596	0.506833250343675	0.489537316903046	0.646245059288538
0.509503502058596	0.166821198643715	0.489537316903046	0.233782841199721
