x	xend	y	yend
0.509503502058596	0.832158917611568	0.489537316903046	0.372355266217159
0.509503502058596	0.212215477797375	0.489537316903046	0.267263427109974
0.509503502058596	0.489031572244201	0.489537316903046	0.490932341315973
0.509503502058596	0.581600298361467	0.489537316903046	0.0984654731457801
