x	xend	y	yend
0.509503502058596	0.441857125280594	0.489537316903046	0.114740757963264
0.509503502058596	0.412039314463974	0.489537316903046	0.576958846779819
0.509503502058596	0.412484356416461	0.489537316903046	0.247268077191351
0.509503502058596	0.927397895443756	0.489537316903046	0.392815624273425
