x	xend	y	yend
0.509503502058596	0.324366049824063	0.489537316903046	0.717391304347826
0.509503502058596	0.322585882014116	0.489537316903046	0.697395954429203
0.509503502058596	0.464554264857423	0.489537316903046	0.72390141827482
0.509503502058596	0.153469940069109	0.489537316903046	0.232387816786794
