x	xend	y	yend
0.509503502058596	0.448532754567896	0.489537316903046	0.0542897000697512
0.509503502058596	0.251379169616218	0.489537316903046	0.491862357591258
0.509503502058596	0.402248391509263	0.489537316903046	0.371890258079516
0.509503502058596	0.85040563766353	0.489537316903046	0.376075331318298
