x	xend	y	yend
0.509503502058596	0.311904875154431	0.489537316903046	0.672285514996512
0.509503502058596	0.322140840061629	0.489537316903046	0.757847012322716
0.509503502058596	0.482800984909385	0.489537316903046	0.694605905603348
0.509503502058596	0.158365401546465	0.489537316903046	0.22773773541037
