x	xend	y	yend
0.509503502058596	0.61809373846539	0.489537316903046	0.432806324110672
0.509503502058596	0.101400031628147	0.489537316903046	0.33980469658219
0.509503502058596	0.505498124486214	0.489537316903046	0.306324110671937
0.509503502058596	0.650136759044443	0.489537316903046	0.0933503836317136
