x	xend	y	yend
0.509503502058596	0.625659451657666	0.489537316903046	0.45559172285515
0.509503502058596	0.103625241390581	0.489537316903046	0.343524761683329
0.509503502058596	0.500602663008859	0.489537316903046	0.314229249011858
0.509503502058596	0.65058180099693	0.489537316903046	0.085910253429435
