x	xend	y	yend
0.509503502058596	0.462774097047476	0.489537316903046	0.655545222041386
0.509503502058596	0.435626537945778	0.489537316903046	0.290978842129737
0.509503502058596	0.343502853780998	0.489537316903046	0.852708672401767
0.509503502058596	0.105850451153015	0.489537316903046	0.357475005812602
