x	xend	y	yend
0.509503502058596	0.94386444768577	0.489537316903046	0.481632178563125
0.509503502058596	0.501937788866319	0.489537316903046	0.948500348756103
0.509503502058596	0.413819482273922	0.489537316903046	0.416531039293188
0.509503502058596	0.517959299155846	0.489537316903046	0.483492211113695
