x	xend	y	yend
0.509503502058596	0.803231190699923	0.489537316903046	0.390955591722855
0.509503502058596	0.189073296268058	0.489537316903046	0.284468728202744
0.509503502058596	0.489921656149174	0.489537316903046	0.461171820506859
0.509503502058596	0.601627186223376	0.489537316903046	0.0849802371541502
