x	xend	y	yend
0.509503502058596	0.514398963535951	0.489537316903046	0.140781213671239
0.509503502058596	0.0996198638181994	0.489537316903046	0.375145315043013
0.509503502058596	0.591836263268665	0.489537316903046	0.261683329458266
0.509503502058596	0.662152891761589	0.489537316903046	0.317019297837712
