x	xend	y	yend
0.509503502058596	0.515289047440925	0.489537316903046	0.0975354568704953
0.509503502058596	0.0991748218657125	0.489537316903046	0.396070681236922
0.509503502058596	0.587385843743796	0.489537316903046	0.306324110671937
0.509503502058596	0.662597933714075	0.489537316903046	0.347244826784469
