x	xend	y	yend
0.509503502058596	0.348398315258353	0.489537316903046	0.755521971634504
0.509503502058596	0.336827224493695	0.489537316903046	0.586259009532667
0.509503502058596	0.423610405228632	0.489537316903046	0.778307370378982
0.509503502058596	0.141898849304451	0.489537316903046	0.260288305045338
