x	xend	y	yend
0.509503502058596	0.864201938190622	0.489537316903046	0.421646128807254
0.509503502058596	0.444527376995515	0.489537316903046	0.904324575680074
0.509503502058596	0.249599001806271	0.489537316903046	0.29144385026738
0.509503502058596	0.533535767492886	0.489537316903046	0.471401999534992
