x	xend	y	yend
0.509503502058596	0.463219138999963	0.489537316903046	0.0459195535921879
0.509503502058596	0.191743547982979	0.489537316903046	0.458381771681004
0.509503502058596	0.406253769081645	0.489537316903046	0.435131364798884
0.509503502058596	0.799670855080028	0.489537316903046	0.365380144152523
