x	xend	y	yend
0.509503502058596	0.292323029245009	0.489537316903046	0.585794001395024
0.509503502058596	0.322585882014116	0.489537316903046	0.840153452685422
0.509503502058596	0.513063837678491	0.489537316903046	0.632759823296908
0.509503502058596	0.169046408406149	0.489537316903046	0.237037898163218
