x	xend	y	yend
0.509503502058596	0.54288164849511	0.489537316903046	0.0645198790978842
0.509503502058596	0.0867136471960805	0.489537316903046	0.402580795163915
0.509503502058596	0.518404341108333	0.489537316903046	0.457916763543362
0.509503502058596	0.644351213662114	0.489537316903046	0.325389444315276
