x	xend	y	yend
0.509503502058596	0.771633212073356	0.489537316903046	0.412345966054406
0.509503502058596	0.167266240596202	0.489537316903046	0.30120902115787
0.509503502058596	0.490811740054148	0.489537316903046	0.431411299697745
0.509503502058596	0.618983822370363	0.489537316903046	0.075680074401302
