x	xend	y	yend
0.509503502058596	0.547777109972466	0.489537316903046	0.065449895373169
0.509503502058596	0.0840433954811594	0.489537316903046	0.401185770750988
0.509503502058596	0.48769644638674	0.489537316903046	0.525342943501511
0.509503502058596	0.632780122897456	0.489537316903046	0.323994419902348
