x	xend	y	yend
0.509503502058596	0.47924064928949	0.489537316903046	0.0468495698674727
0.509503502058596	0.153469940069109	0.489537316903046	0.436526389211811
0.509503502058596	0.412039314463974	0.489537316903046	0.484887235526622
0.509503502058596	0.756501785688802	0.489537316903046	0.356544989537317
