x	xend	y	yend
0.509503502058596	0.554897781212256	0.489537316903046	0.543013252731923
0.509503502058596	0.482355942956898	0.489537316903046	0.147291327598233
0.509503502058596	0.348398315258353	0.489537316903046	0.787142524994187
0.509503502058596	0.0978396960082519	0.489537316903046	0.401650778888631
