x	xend	y	yend
0.509503502058596	0.568249039786861	0.489537316903046	0.525807951639154
0.509503502058596	0.486806362481766	0.489537316903046	0.131016042780749
0.509503502058596	0.351958650878248	0.489537316903046	0.771332248314345
0.509503502058596	0.0982847379607388	0.489537316903046	0.406300860265055
