x	xend	y	yend
0.509503502058596	0.54866719387744	0.489537316903046	0.0714950011625204
0.509503502058596	0.0831533115761856	0.489537316903046	0.399325738200419
0.509503502058596	0.467224516572345	0.489537316903046	0.569983724715183
0.509503502058596	0.623879283847719	0.489537316903046	0.325854452452918
