x	xend	y	yend
0.509503502058596	0.443637293090541	0.489537316903046	0.0626598465473146
0.509503502058596	0.284312274100246	0.489537316903046	0.509997674959312
0.509503502058596	0.402248391509263	0.489537316903046	0.34166472913276
0.509503502058596	0.872212693335386	0.489537316903046	0.381190420832365
