x	xend	y	yend
0.509503502058596	0.505943166438701	0.489537316903046	0.0584747733085329
0.509503502058596	0.113861206297779	0.489537316903046	0.412810974192048
0.509503502058596	0.422275279371172	0.489537316903046	0.551848407347129
0.509503502058596	0.693305828435669	0.489537316903046	0.345384794233899
