x	xend	y	yend
0.509503502058596	0.509058460106109	0.489537316903046	0.127760985817252
0.509503502058596	0.101845073580634	0.489537316903046	0.383050453382934
0.509503502058596	0.598956934508455	0.489537316903046	0.264008370146478
0.509503502058596	0.663933059571536	0.489537316903046	0.337479655893978
