x	xend	y	yend
0.509503502058596	0.782759260885527	0.489537316903046	0.360730062776099
0.509503502058596	0.386226881219736	0.489537316903046	0.859218786328761
0.509503502058596	0.182397666980755	0.489537316903046	0.240292955126715
0.509503502058596	0.542436606542624	0.489537316903046	0.463031853057428
