x	xend	y	yend
0.509503502058596	0.26384034428585	0.489537316903046	0.434201348523599
0.509503502058596	0.326591259586497	0.489537316903046	0.908044640781214
0.509503502058596	0.561573410499558	0.489537316903046	0.511392699372239
0.509503502058596	0.190853464078005	0.489537316903046	0.295628923506161
