x	xend	y	yend
0.509503502058596	0.887789161672426	0.489537316903046	0.338874680306905
0.509503502058596	0.276301518955482	0.489537316903046	0.224947686584515
0.509503502058596	0.488586530291714	0.489537316903046	0.564403627063474
0.509503502058596	0.51884938306082	0.489537316903046	0.145896303185306
