x	xend	y	yend
0.509503502058596	0.854411015235911	0.489537316903046	0.369565217391304
0.509503502058596	0.437851747708212	0.489537316903046	0.144966286910021
0.509503502058596	0.407143852986619	0.489537316903046	0.727156475238317
0.509503502058596	0.257164714998547	0.489537316903046	0.32631946059056
