x	xend	y	yend
0.509503502058596	0.838389504946385	0.489537316903046	0.377935363868868
0.509503502058596	0.444527376995515	0.489537316903046	0.142176238084167
0.509503502058596	0.397352930031908	0.489537316903046	0.73366658916531
0.509503502058596	0.239363036899073	0.489537316903046	0.335619623343409
