x	xend	y	yend
0.509503502058596	0.3332668888738	0.489537316903046	0.743431760055801
0.509503502058596	0.323030923966602	0.489537316903046	0.653685189490816
0.509503502058596	0.452538132140278	0.489537316903046	0.739246686817019
0.509503502058596	0.150354646401701	0.489537316903046	0.239827946989072
