x	xend	y	yend
0.509503502058596	0.532645683587913	0.489537316903046	0.186352011160195
0.509503502058596	0.0951694442933308	0.489537316903046	0.35514996512439
0.509503502058596	0.572254417359243	0.489537316903046	0.258893280632411
0.509503502058596	0.65770247223672	0.489537316903046	0.258893280632411
