x	xend	y	yend
0.509503502058596	0.538431228970242	0.489537316903046	0.162636596140432
0.509503502058596	0.357744196260577	0.489537316903046	0.666240409207161
0.509503502058596	0.275856477002995	0.489537316903046	0.220762613345734
0.509503502058596	0.855301099140885	0.489537316903046	0.412810974192048
