x	xend	y	yend
0.509503502058596	0.726683974872183	0.489537316903046	0.318879330388282
0.509503502058596	0.346173105495919	0.489537316903046	0.828063241106719
0.509503502058596	0.159255485451438	0.489537316903046	0.222157637758661
0.509503502058596	0.547332068019979	0.489537316903046	0.45745175540572
