x	xend	y	yend
0.509503502058596	0.68039961181355	0.489537316903046	0.474192048360846
0.509503502058596	0.122762045347516	0.489537316903046	0.339339688444548
0.509503502058596	0.491701823959122	0.489537316903046	0.359335038363171
0.509503502058596	0.647021465377035	0.489537316903046	0.0696349686119507
