x	xend	y	yend
0.509503502058596	0.547777109972466	0.489537316903046	0.0817251801906534
0.509503502058596	0.0831533115761856	0.489537316903046	0.395605673099279
0.509503502058596	0.447197628710436	0.489537316903046	0.613694489653569
0.509503502058596	0.614088360893008	0.489537316903046	0.329574517554057
