x	xend	y	yend
0.509503502058596	0.892684623149781	0.489537316903046	0.348174843059754
0.509503502058596	0.416489733988843	0.489537316903046	0.153801441525227
0.509503502058596	0.441857125280594	0.489537316903046	0.705301092769123
0.509503502058596	0.314130084916865	0.489537316903046	0.297023947919089
