x	xend	y	yend
0.509503502058596	0.718228177774933	0.489537316903046	0.448151592652871
0.509503502058596	0.138783555637043	0.489537316903046	0.324459428039991
0.509503502058596	0.491701823959122	0.489537316903046	0.387700534759358
0.509503502058596	0.638565668279785	0.489537316903046	0.0687049523366659
