x	xend	y	yend
0.509503502058596	0.378216126074973	0.489537316903046	0.740176703092304
0.509503502058596	0.368425203120262	0.489537316903046	0.489537316903046
0.509503502058596	0.385336797314763	0.489537316903046	0.828063241106719
0.509503502058596	0.128102548777358	0.489537316903046	0.292838874680307
