x	xend	y	yend
0.509503502058596	0.477015439527055	0.489537316903046	0.130551034643106
0.509503502058596	0.389342174887144	0.489537316903046	0.610904440827715
0.509503502058596	0.35729915430809	0.489537316903046	0.235642873750291
0.509503502058596	0.908706133439308	0.489537316903046	0.400255754475703
