x	xend	y	yend
0.509503502058596	0.833939085421516	0.489537316903046	0.398860730062776
0.509503502058596	0.422720321323659	0.489537316903046	0.887584282724948
0.509503502058596	0.218446065132191	0.489537316903046	0.267728435247617
0.509503502058596	0.537096103112781	0.489537316903046	0.468146942571495
