x	xend	y	yend
0.509503502058596	0.645686339519575	0.489537316903046	0.483957219251337
0.509503502058596	0.483246026861871	0.489537316903046	0.130086026505464
0.509503502058596	0.349288399163327	0.489537316903046	0.769472215763776
0.509503502058596	0.117866583870161	0.489537316903046	0.397000697512206
