x	xend	y	yend
0.509503502058596	0.951875202830533	0.489537316903046	0.487677284352476
0.509503502058596	0.507723334248649	0.489537316903046	0.953150430132527
0.509503502058596	0.460993929237528	0.489537316903046	0.452801674029296
0.509503502058596	0.513508879630978	0.489537316903046	0.486747268077191
