x	xend	y	yend
0.509503502058596	0.44230216723308	0.489537316903046	0.0682399441990235
0.509503502058596	0.301668910247233	0.489537316903046	0.51929783771216
0.509503502058596	0.40269343346175	0.489537316903046	0.326784468728203
0.509503502058596	0.882448658242583	0.489537316903046	0.383050453382934
