x	xend	y	yend
0.509503502058596	0.877998238717715	0.489537316903046	0.431876307835387
0.509503502058596	0.454318299950226	0.489537316903046	0.912229714019995
0.509503502058596	0.266955637953258	0.489537316903046	0.30492908625901
0.509503502058596	0.531755599682939	0.489537316903046	0.472797023947919
