x	xend	y	yend
0.509503502058596	0.303894120009667	0.489537316903046	0.639269937223901
0.509503502058596	0.322140840061629	0.489537316903046	0.794117647058824
0.509503502058596	0.49481711762653	0.489537316903046	0.67182050685887
0.509503502058596	0.162370779118846	0.489537316903046	0.228667751685655
