x	xend	y	yend
0.509503502058596	0.574034585169191	0.489537316903046	0.300279004882585
0.509503502058596	0.0933892764833834	0.489537316903046	0.333759590792839
0.509503502058596	0.536651061160294	0.489537316903046	0.271448500348756
0.509503502058596	0.651471884901904	0.489537316903046	0.16031155545222
