x	xend	y	yend
0.509503502058596	0.521074592823254	0.489537316903046	0.0687049523366659
0.509503502058596	0.0987297799132257	0.489537316903046	0.4035108114392
0.509503502058596	0.428060824753501	0.489537316903046	0.585328993257382
0.509503502058596	0.659927681999154	0.489537316903046	0.33980469658219
