x	xend	y	yend
0.509503502058596	0.575369711026651	0.489537316903046	0.184956986747268
0.509503502058596	0.343947895733485	0.489537316903046	0.697860962566845
0.509503502058596	0.235357659326691	0.489537316903046	0.215182515694025
0.509503502058596	0.811241945844686	0.489537316903046	0.420716112531969
