x	xend	y	yend
0.509503502058596	0.857526308903319	0.489537316903046	0.356544989537317
0.509503502058596	0.237137827136639	0.489537316903046	0.250058126017205
0.509503502058596	0.488586530291714	0.489537316903046	0.520692862125087
0.509503502058596	0.558458116832151	0.489537316903046	0.114740757963264
