x	xend	y	yend
0.509503502058596	0.610528025273113	0.489537316903046	0.410020925366194
0.509503502058596	0.0996198638181994	0.489537316903046	0.337014647756336
0.509503502058596	0.51039358596357	0.489537316903046	0.299348988607301
0.509503502058596	0.649691717091956	0.489537316903046	0.101720530109277
