x	xend	y	yend
0.509503502058596	0.916716888584072	0.489537316903046	0.327714485003488
0.509503502058596	0.343947895733485	0.489537316903046	0.186817019297838
0.509503502058596	0.491256782006635	0.489537316903046	0.633689839572193
0.509503502058596	0.443637293090541	0.489537316903046	0.210997442455243
