x	xend	y	yend
0.509503502058596	0.489476614196687	0.489537316903046	0.136131132294815
0.509503502058596	0.382221503647355	0.489537316903046	0.622064636131132
0.509503502058596	0.339942518161103	0.489537316903046	0.231922808649151
0.509503502058596	0.900250336342058	0.489537316903046	0.402580795163915
