x	xend	y	yend
0.509503502058596	0.736474897826894	0.489537316903046	0.435596372936526
0.509503502058596	0.14768439468678	0.489537316903046	0.317019297837712
0.509503502058596	0.491256782006635	0.489537316903046	0.402115787026273
0.509503502058596	0.632780122897456	0.489537316903046	0.0700999767495931
