x	xend	y	yend
0.509503502058596	0.633225164849943	0.489537316903046	0.478377121599628
0.509503502058596	0.106295493105502	0.489537316903046	0.347709834922111
0.509503502058596	0.495707201531503	0.489537316903046	0.322599395489421
0.509503502058596	0.651026842949417	0.489537316903046	0.0794001395024413
