x	xend	y	yend
0.509503502058596	0.595841640841047	0.489537316903046	0.36491513601488
0.509503502058596	0.0960595281983045	0.489537316903046	0.333294582655196
0.509503502058596	0.520629550870767	0.489537316903046	0.286328760753313
0.509503502058596	0.649691717091956	0.489537316903046	0.122180888165543
