x	xend	y	yend
0.509503502058596	0.513508879630978	0.489537316903046	0.063124854684957
0.509503502058596	0.105850451153015	0.489537316903046	0.408160892815624
0.509503502058596	0.424945531086093	0.489537316903046	0.568588700302255
0.509503502058596	0.676839276193655	0.489537316903046	0.342594745408045
