x	xend	y	yend
0.509503502058596	0.745820778829118	0.489537316903046	0.333294582655196
0.509503502058596	0.359969406023012	0.489537316903046	0.838758428272495
0.509503502058596	0.165041030833768	0.489537316903046	0.227272727272727
0.509503502058596	0.545551900210032	0.489537316903046	0.459311787956289
