x	xend	y	yend
0.509503502058596	0.920722266156453	0.489537316903046	0.332364566379912
0.509503502058596	0.384446713409789	0.489537316903046	0.167286677516857
0.509503502058596	0.49615224348399	0.489537316903046	0.671355498721228
0.509503502058596	0.395127720269473	0.489537316903046	0.255638223668914
