x	xend	y	yend
0.509503502058596	0.273631267240561	0.489537316903046	0.491397349453615
0.509503502058596	0.32481109177655	0.489537316903046	0.892699372239014
0.509503502058596	0.543326690447597	0.489537316903046	0.558823529411765
0.509503502058596	0.181952625028268	0.489537316903046	0.268193443385259
