x	xend	y	yend
0.509503502058596	0.450757964330331	0.489537316903046	0.669495466170658
0.509503502058596	0.427615782801014	0.489537316903046	0.3146942571495
0.509503502058596	0.345728063543432	0.489537316903046	0.855498721227621
0.509503502058596	0.10807566091545	0.489537316903046	0.349569867472681
