x	xend	y	yend
0.509503502058596	0.540211396780189	0.489537316903046	0.0659149035108115
0.509503502058596	0.0880487730535411	0.489537316903046	0.402580795163915
0.509503502058596	0.528640306015531	0.489537316903046	0.435596372936526
0.509503502058596	0.647911549282009	0.489537316903046	0.326784468728203
