x	xend	y	yend
0.509503502058596	0.54866719387744	0.489537316903046	0.0761450825389445
0.509503502058596	0.0831533115761856	0.489537316903046	0.397465705649849
0.509503502058596	0.457433593617634	0.489537316903046	0.591839107184376
0.509503502058596	0.618983822370363	0.489537316903046	0.327249476865845
