x	xend	y	yend
0.509503502058596	0.587385843743796	0.489537316903046	0.192862125087189
0.509503502058596	0.34038756011359	0.489537316903046	0.708091141594978
0.509503502058596	0.223341526609546	0.489537316903046	0.213787491281097
0.509503502058596	0.794775393602672	0.489537316903046	0.423506161357824
