x	xend	y	yend
0.509503502058596	0.416489733988843	0.489537316903046	0.705766100906766
0.509503502058596	0.402248391509263	0.489537316903046	0.389095559172286
0.509503502058596	0.358189238213064	0.489537316903046	0.853638688677052
0.509503502058596	0.115641374107726	0.489537316903046	0.325854452452918
