x	xend	y	yend
0.509503502058596	0.277191602860456	0.489537316903046	0.510462683096954
0.509503502058596	0.324366049824063	0.489537316903046	0.884794233899093
0.509503502058596	0.537541145065268	0.489537316903046	0.574168797953964
0.509503502058596	0.179282373313347	0.489537316903046	0.260288305045338
