x	xend	y	yend
0.509503502058596	0.902920588056979	0.489537316903046	0.331899558242269
0.509503502058596	0.303004036104694	0.489537316903046	0.209137409904673
0.509503502058596	0.489031572244201	0.489537316903046	0.592769123459661
0.509503502058596	0.489921656149174	0.489537316903046	0.170076726342711
