x	xend	y	yend
0.509503502058596	0.895799916817189	0.489537316903046	0.335154615205766
0.509503502058596	0.289652777530088	0.489537316903046	0.217042548244594
0.509503502058596	0.488586530291714	0.489537316903046	0.578818879330388
0.509503502058596	0.504608040581241	0.489537316903046	0.157986514764008
