x	xend	y	yend
0.509503502058596	0.514398963535951	0.489537316903046	0.593699139734945
0.509503502058596	0.46499930680991	0.489537316903046	0.203092304115322
0.509503502058596	0.34172268597105	0.489537316903046	0.824808184143223
0.509503502058596	0.0996198638181994	0.489537316903046	0.384910485933504
