x	xend	y	yend
0.509503502058596	0.919387140298993	0.489537316903046	0.32817949314113
0.509503502058596	0.35729915430809	0.489537316903046	0.179841897233202
0.509503502058596	0.492591907864095	0.489537316903046	0.64671006742618
0.509503502058596	0.427615782801014	0.489537316903046	0.225412694722158
