x	xend	y	yend
0.509503502058596	0.654142136616825	0.489537316903046	0.245408044640781
0.509503502058596	0.327481343491471	0.489537316903046	0.766217158800279
0.509503502058596	0.170826576216097	0.489537316903046	0.210997442455243
0.509503502058596	0.68039961181355	0.489537316903046	0.439316438037666
