x	xend	y	yend
0.509503502058596	0.762732373023619	0.489537316903046	0.419786096256685
0.509503502058596	0.466334432667371	0.489537316903046	0.134271099744246
0.509503502058596	0.366199993357828	0.489537316903046	0.755056963496861
0.509503502058596	0.175722037693452	0.489537316903046	0.368170192978377
