x	xend	y	yend
0.509503502058596	0.633225164849943	0.489537316903046	0.227272727272727
0.509503502058596	0.329706553253905	0.489537316903046	0.747616833294583
0.509503502058596	0.184177834790703	0.489537316903046	0.210997442455243
0.509503502058596	0.721343471442341	0.489537316903046	0.433736340385957
