x	xend	y	yend
0.509503502058596	0.598956934508455	0.489537316903046	0.201232271564752
0.509503502058596	0.336827224493695	0.489537316903046	0.718321320623111
0.509503502058596	0.212215477797375	0.489537316903046	0.21239246686817
0.509503502058596	0.777418757455685	0.489537316903046	0.425831202046036
