x	xend	y	yend
0.509503502058596	0.817472533179502	0.489537316903046	0.386770518484074
0.509503502058596	0.411149230559	0.489537316903046	0.878749128109742
0.509503502058596	0.205094806557585	0.489537316903046	0.257498256219484
0.509503502058596	0.538876270922729	0.489537316903046	0.466286910020925
