x	xend	y	yend
0.509503502058596	0.800560938985002	0.489537316903046	0.373750290630086
0.509503502058596	0.398688055889368	0.489537316903046	0.868983957219251
0.509503502058596	0.19307867384044	0.489537316903046	0.248198093466636
0.509503502058596	0.540656438732676	0.489537316903046	0.464426877470356
