x	xend	y	yend
0.509503502058596	0.284757316052733	0.489537316903046	0.548593350383632
0.509503502058596	0.323475965919089	0.489537316903046	0.86479888398047
0.509503502058596	0.525079970395636	0.489537316903046	0.604394326900721
0.509503502058596	0.173941869883505	0.489537316903046	0.247268077191351
