x	xend	y	yend
0.509503502058596	0.337717308398669	0.489537316903046	0.755521971634504
0.509503502058596	0.323030923966602	0.489537316903046	0.630899790746338
0.509503502058596	0.446752586757949	0.489537316903046	0.745756800744013
0.509503502058596	0.149019520544241	0.489537316903046	0.244943036503139
