x	xend	y	yend
0.509503502058596	0.922502433966401	0.489537316903046	0.465356893745641
0.509503502058596	0.486361320529279	0.489537316903046	0.936875145315043
0.509503502058596	0.346173105495919	0.489537316903046	0.365380144152523
0.509503502058596	0.523744844538175	0.489537316903046	0.479307137874913
