x	xend	y	yend
0.509503502058596	0.328816469348931	0.489537316903046	0.730876540339456
0.509503502058596	0.322585882014116	0.489537316903046	0.676005580097652
0.509503502058596	0.458768719475094	0.489537316903046	0.731806556614741
0.509503502058596	0.151689772259162	0.489537316903046	0.235642873750291
