x	xend	y	yend
0.509503502058596	0.913156552964177	0.489537316903046	0.458381771681004
0.509503502058596	0.479685691241977	0.489537316903046	0.931760055800977
0.509503502058596	0.32481109177655	0.489537316903046	0.349104859335038
0.509503502058596	0.52597005430061	0.489537316903046	0.477447105324343
