x	xend	y	yend
0.509503502058596	0.910041259296769	0.489537316903046	0.338409672169263
0.509503502058596	0.400913265651803	0.489537316903046	0.16031155545222
0.509503502058596	0.467669558524831	0.489537316903046	0.689025807951639
0.509503502058596	0.354183860640682	0.489537316903046	0.276563589862823
