x	xend	y	yend
0.509503502058596	0.954100412592968	0.489537316903046	0.489072308765403
0.509503502058596	0.509058460106109	0.489537316903046	0.954080446407812
0.509503502058596	0.485471236624306	0.489537316903046	0.470936991397349
0.509503502058596	0.51172871182103	0.489537316903046	0.488142292490119
