x	xend	y	yend
0.509503502058596	0.920722266156453	0.489537316903046	0.329574517554057
0.509503502058596	0.371095454835183	0.489537316903046	0.173331783306208
0.509503502058596	0.494372075674043	0.489537316903046	0.659265287142525
0.509503502058596	0.411149230559	0.489537316903046	0.240292955126715
