x	xend	y	yend
0.509503502058596	0.58827592764877	0.489537316903046	0.343059753545687
0.509503502058596	0.0951694442933308	0.489537316903046	0.332829574517554
0.509503502058596	0.525525012348123	0.489537316903046	0.280748663101604
0.509503502058596	0.650136759044443	0.489537316903046	0.133806091606603
