x	xend	y	yend
0.509503502058596	0.707547170915248	0.489537316903046	0.304464078121367
0.509503502058596	0.332376804968826	0.489537316903046	0.817368053940944
0.509503502058596	0.154360023974083	0.489537316903046	0.218902580795164
0.509503502058596	0.54866719387744	0.489537316903046	0.45559172285515
