x	xend	y	yend
0.509503502058596	0.546441984115005	0.489537316903046	0.0882352941176471
0.509503502058596	0.0831533115761856	0.489537316903046	0.39374564054871
0.509503502058596	0.437851747708212	0.489537316903046	0.63508486398512
0.509503502058596	0.608747857463166	0.489537316903046	0.332364566379912
