x	xend	y	yend
0.509503502058596	0.539321312875216	0.489537316903046	0.203557312252964
0.509503502058596	0.0942793603883571	0.489537316903046	0.349569867472681
0.509503502058596	0.566023830024427	0.489537316903046	0.259358288770054
0.509503502058596	0.656367346379259	0.489537316903046	0.240757963264357
