x	xend	y	yend
0.509503502058596	0.878888322622689	0.489537316903046	0.343989769820972
0.509503502058596	0.262950260380876	0.489537316903046	0.233317833062079
0.509503502058596	0.488141488339227	0.489537316903046	0.549988374796559
0.509503502058596	0.532645683587913	0.489537316903046	0.134736107881888
