x	xend	y	yend
0.509503502058596	0.38711696512471	0.489537316903046	0.733201581027668
0.509503502058596	0.376881000217512	0.489537316903046	0.464426877470356
0.509503502058596	0.377326042169999	0.489537316903046	0.836898395721925
0.509503502058596	0.12498725510995	0.489537316903046	0.30120902115787
