x	xend	y	yend
0.509503502058596	0.916271846631585	0.489537316903046	0.334689607068124
0.509503502058596	0.392457468554552	0.489537316903046	0.16403162055336
0.509503502058596	0.481910901004411	0.489537316903046	0.680190653336433
0.509503502058596	0.374655790455078	0.489537316903046	0.26633341083469
