x	xend	y	yend
0.509503502058596	0.288317651672627	0.489537316903046	0.567658684026971
0.509503502058596	0.323030923966602	0.489537316903046	0.853173680539409
0.509503502058596	0.519294425013307	0.489537316903046	0.618809579167635
0.509503502058596	0.171271618168584	0.489537316903046	0.241687979539642
