x	xend	y	yend
0.509503502058596	0.299888742437286	0.489537316903046	0.622064636131132
0.509503502058596	0.322140840061629	0.489537316903046	0.810392931876308
0.509503502058596	0.501047704961346	0.489537316903046	0.659265287142525
0.509503502058596	0.164595988881281	0.489537316903046	0.230527784236224
