x	xend	y	yend
0.509503502058596	0.509503502058596	0.489537316903046	0.106370611485701
0.509503502058596	0.101400031628147	0.489537316903046	0.394210648686352
0.509503502058596	0.59673172474602	0.489537316903046	0.286328760753313
0.509503502058596	0.663933059571536	0.489537316903046	0.352359916298535
