x	xend	y	yend
0.509503502058596	0.694640954293129	0.489537316903046	0.456986747268077
0.509503502058596	0.478350565384516	0.489537316903046	0.131016042780749
0.509503502058596	0.352848734783222	0.489537316903046	0.765287142524994
0.509503502058596	0.137448429779582	0.489537316903046	0.387235526621716
