x	xend	y	yend
0.509503502058596	0.525525012348123	0.489537316903046	0.0831202046035806
0.509503502058596	0.0947244023408439	0.489537316903046	0.399325738200419
0.509503502058596	0.568694081739348	0.489537316903046	0.347709834922111
0.509503502058596	0.658592556141694	0.489537316903046	0.338409672169263
