x	xend	y	yend
0.509503502058596	0.406253769081645	0.489537316903046	0.715996279934899
0.509503502058596	0.393792594412013	0.489537316903046	0.414205998604976
0.509503502058596	0.363529741642906	0.489537316903046	0.849918623575913
0.509503502058596	0.118756667775134	0.489537316903046	0.317484305975355
