x	xend	y	yend
0.509503502058596	0.803231190699923	0.489537316903046	0.397465705649849
0.509503502058596	0.45654350971266	0.489537316903046	0.137991164845385
0.509503502058596	0.37999629388492	0.489537316903046	0.745291792606371
0.509503502058596	0.205539848510072	0.489537316903046	0.352824924436178
