x	xend	y	yend
0.509503502058596	0.445862502852975	0.489537316903046	0.0580097651708905
0.509503502058596	0.267845721858232	0.489537316903046	0.500697512206464
0.509503502058596	0.402248391509263	0.489537316903046	0.356544989537317
0.509503502058596	0.861531686475701	0.489537316903046	0.378865380144153
