x	xend	y	yend
0.509503502058596	0.503717956676267	0.489537316903046	0.115670774238549
0.509503502058596	0.104070283343068	0.489537316903046	0.39188560799814
0.509503502058596	0.605632563795757	0.489537316903046	0.266798418972332
0.509503502058596	0.665268185428996	0.489537316903046	0.357940013950244
