x	xend	y	yend
0.509503502058596	0.533980809445373	0.489537316903046	0.0724250174378052
0.509503502058596	0.0911640667209491	0.489537316903046	0.401650778888631
0.509503502058596	0.54866719387744	0.489537316903046	0.390955591722855
0.509503502058596	0.653697094664338	0.489537316903046	0.331434550104627
