x	xend	y	yend
0.509503502058596	0.818362617084476	0.489537316903046	0.381190420832365
0.509503502058596	0.200644387032716	0.489537316903046	0.27609858172518
0.509503502058596	0.489476614196687	0.489537316903046	0.476052080911416
0.509503502058596	0.591836263268665	0.489537316903046	0.0910253429435015
