x	xend	y	yend
0.509503502058596	0.545106858257545	0.489537316903046	0.0635898628225994
0.509503502058596	0.0858235632911068	0.489537316903046	0.402580795163915
0.509503502058596	0.508168376201136	0.489537316903046	0.480237154150198
0.509503502058596	0.640790878042219	0.489537316903046	0.324459428039991
