x	xend	y	yend
0.509503502058596	0.552672571449821	0.489537316903046	0.239827946989072
0.509503502058596	0.0929442345308965	0.489537316903046	0.341199720995117
0.509503502058596	0.554007697307282	0.489537316903046	0.262148337595908
0.509503502058596	0.654142136616825	0.489537316903046	0.206347361078819
