x	xend	y	yend
0.509503502058596	0.930958231063651	0.489537316903046	0.471867007672634
0.509503502058596	0.492591907864095	0.489537316903046	0.941525226691467
0.509503502058596	0.367980161167775	0.489537316903046	0.382120437107649
0.509503502058596	0.521964676728228	0.489537316903046	0.48070216228784
