x	xend	y	yend
0.509503502058596	0.453428216045252	0.489537316903046	0.119855847477331
0.509503502058596	0.404028559319211	0.489537316903046	0.588119042083237
0.509503502058596	0.393792594412013	0.489537316903046	0.243083003952569
0.509503502058596	0.922502433966401	0.489537316903046	0.395140664961637
