x	xend	y	yend
0.509503502058596	0.355073944545656	0.489537316903046	0.753661939083934
0.509503502058596	0.344392937685972	0.489537316903046	0.563008602650546
0.509503502058596	0.412929398368948	0.489537316903046	0.793187630783539
0.509503502058596	0.138338513684556	0.489537316903046	0.268193443385259
