x	xend	y	yend
0.509503502058596	0.660372723951641	0.489537316903046	0.487677284352476
0.509503502058596	0.115641374107726	0.489537316903046	0.346314810509184
0.509503502058596	0.491701823959122	0.489537316903046	0.345384794233899
0.509503502058596	0.650136759044443	0.489537316903046	0.0714950011625204
