x	xend	y	yend
0.509503502058596	0.455208383855199	0.489537316903046	0.0487096024180424
0.509503502058596	0.220226232942138	0.489537316903046	0.474657056498489
0.509503502058596	0.403583517366724	0.489537316903046	0.403045803301558
0.509503502058596	0.825928330276752	0.489537316903046	0.370960241804232
