x	xend	y	yend
0.509503502058596	0.908706133439308	0.489537316903046	0.329574517554057
0.509503502058596	0.316800336631786	0.489537316903046	0.201232271564752
0.509503502058596	0.489476614196687	0.489537316903046	0.606719367588933
0.509503502058596	0.474790229764621	0.489537316903046	0.183096954196698
