x	xend	y	yend
0.509503502058596	0.488141488339227	0.489537316903046	0.625784701232272
0.509503502058596	0.450757964330331	0.489537316903046	0.245408044640781
0.509503502058596	0.340832602066077	0.489537316903046	0.842013485235992
0.509503502058596	0.102290115533121	0.489537316903046	0.371425249941874
