x	xend	y	yend
0.509503502058596	0.849515553758556	0.489537316903046	0.410485933503836
0.509503502058596	0.43384637013583	0.489537316903046	0.896419437340154
0.509503502058596	0.233577491516744	0.489537316903046	0.279353638688677
0.509503502058596	0.535315935302834	0.489537316903046	0.469541966984422
