x	xend	y	yend
0.509503502058596	0.498377453246425	0.489537316903046	0.0547547082073936
0.509503502058596	0.122317003395029	0.489537316903046	0.417926063706115
0.509503502058596	0.419159985703764	0.489537316903046	0.535108114392002
0.509503502058596	0.709327338725196	0.489537316903046	0.348174843059754
