x	xend	y	yend
0.509503502058596	0.342612769876024	0.489537316903046	0.755986979772146
0.509503502058596	0.329706553253905	0.489537316903046	0.609044408277145
0.509503502058596	0.434736454040804	0.489537316903046	0.762962101836782
0.509503502058596	0.145459184924346	0.489537316903046	0.252383166705417
