x	xend	y	yend
0.509503502058596	0.46499930680991	0.489537316903046	0.124970936991397
0.509503502058596	0.396462846126934	0.489537316903046	0.599744245524297
0.509503502058596	0.375545874360052	0.489537316903046	0.238897930713788
0.509503502058596	0.916271846631585	0.489537316903046	0.397930713787491
