x	xend	y	yend
0.509503502058596	0.754276575926368	0.489537316903046	0.423506161357824
0.509503502058596	0.157030275689004	0.489537316903046	0.309114159497791
0.509503502058596	0.491256782006635	0.489537316903046	0.41699604743083
0.509503502058596	0.62654953556264	0.489537316903046	0.0724250174378052
