x	xend	y	yend
0.509503502058596	0.691525660625721	0.489537316903046	0.284003720065101
0.509503502058596	0.328816469348931	0.489537316903046	0.80109276912346
0.509503502058596	0.155695149831544	0.489537316903046	0.215182515694025
0.509503502058596	0.593616431078612	0.489537316903046	0.450011625203441
