x	xend	y	yend
0.509503502058596	0.362194615785446	0.489537316903046	0.750406882120437
0.509503502058596	0.351958650878248	0.489537316903046	0.538828179493141
0.509503502058596	0.403138475414237	0.489537316903046	0.806207858637526
0.509503502058596	0.134778178064661	0.489537316903046	0.27609858172518
