x	xend	y	yend
0.509503502058596	0.440076957470646	0.489537316903046	0.0882352941176471
0.509503502058596	0.35596402845063	0.489537316903046	0.547663334108347
0.509503502058596	0.405808727129158	0.489537316903046	0.285398744478028
0.509503502058596	0.908261091486821	0.489537316903046	0.388630551034643
