x	xend	y	yend
0.509503502058596	0.610528025273113	0.489537316903046	0.209602418042316
0.509503502058596	0.334156972778774	0.489537316903046	0.728086491513601
0.509503502058596	0.201979512890177	0.489537316903046	0.211927458730528
0.509503502058596	0.759617079356211	0.489537316903046	0.42862125087189
