x	xend	y	yend
0.509503502058596	0.501047704961346	0.489537316903046	0.60997442455243
0.509503502058596	0.45787863557012	0.489537316903046	0.223552662171588
0.509503502058596	0.340832602066077	0.489537316903046	0.834108346896071
0.509503502058596	0.10095498967566	0.489537316903046	0.37840037200651
