x	xend	y	yend
0.488344988344988	0.910722610722611	0.473880483647696	0.304352800577718
0.488344988344988	0.453379953379953	0.473880483647696	0.270723667794815
0.488344988344988	0.575990675990676	0.473880483647696	0.466970387870387
0.488344988344988	0.660839160839161	0.473880483647696	0.851171713088761
