x	xend	y	yend
0.488344988344988	0.900466200466201	0.473880483647696	0.308959531095924
0.488344988344988	0.392773892773893	0.473880483647696	0.380363854128116
0.488344988344988	0.377855477855478	0.473880483647696	0.546206152783529
0.488344988344988	0.65011655011655	0.473880483647696	0.887564884182588
