x	xend	y	yend
0.488344988344988	0.897202797202797	0.473880483647696	0.276712417468483
0.488344988344988	0.511188811188811	0.473880483647696	0.372532412247166
0.488344988344988	0.597902097902098	0.473880483647696	0.793587581611187
0.488344988344988	0.682750582750583	0.473880483647696	0.720340566371713
