x	xend	y	yend
0.488344988344988	0.547552447552448	0.473880483647696	0.144038578544152
0.488344988344988	0.947552447552448	0.473880483647696	0.536992691747117
0.488344988344988	0.441724941724942	0.473880483647696	0.472959137544055
0.488344988344988	0.458041958041958	0.473880483647696	0.789441524144802
