x	xend	y	yend
0.488344988344988	0.900932400932401	0.473880483647696	0.273027033053918
0.488344988344988	0.491142191142191	0.473880483647696	0.316790972976874
0.488344988344988	0.597435897435898	0.473880483647696	0.683486722226066
0.488344988344988	0.676223776223776	0.473880483647696	0.795430273818469
