x	xend	y	yend
0.488344988344988	0.24032634032634	0.473880483647696	0.2435439577374
0.488344988344988	0.774592074592075	0.473880483647696	0.565093747908173
0.488344988344988	0.511188811188811	0.473880483647696	0.209914824954497
0.488344988344988	0.217482517482517	0.473880483647696	0.758576429672822
