x	xend	y	yend
0.488344988344988	0.951748251748252	0.473880483647696	0.471577118388593
0.488344988344988	0.469230769230769	0.473880483647696	0.894935653011717
0.488344988344988	0.463170163170163	0.473880483647696	0.363318951210754
0.488344988344988	0.52983682983683	0.473880483647696	0.624059898541209
