x	xend	y	yend
0.488344988344988	0.875757575757576	0.473880483647696	0.356869528485266
0.488344988344988	0.372261072261072	0.473880483647696	0.588127400499203
0.488344988344988	0.32004662004662	0.473880483647696	0.527779230710705
0.488344988344988	0.646853146853147	0.473880483647696	0.900924402685385
