x	xend	y	yend
0.488344988344988	0.682750582750583	0.473880483647696	0.207611459695394
0.488344988344988	0.886946386946387	0.473880483647696	0.497374809290546
0.488344988344988	0.628205128205128	0.473880483647696	0.705138355661633
0.488344988344988	0.522843822843823	0.473880483647696	0.769632582916516
