x	xend	y	yend
0.488344988344988	0.455244755244755	0.473880483647696	0.161544154513335
0.488344988344988	0.931701631701632	0.473880483647696	0.524093846296141
0.488344988344988	0.411421911421911	0.473880483647696	0.400172795356401
0.488344988344988	0.370862470862471	0.473880483647696	0.800497677388496
