x	xend	y	yend
0.488344988344988	0.566200466200466	0.473880483647696	0.158319443150591
0.488344988344988	0.912587412587413	0.473880483647696	0.49230740572052
0.488344988344988	0.316317016317016	0.473880483647696	0.309880877199565
0.488344988344988	0.449184149184149	0.473880483647696	0.765947198501951
