x	xend	y	yend
0.488344988344988	0.403962703962704	0.473880483647696	0.169375596394285
0.488344988344988	0.919114219114219	0.473880483647696	0.534689326488014
0.488344988344988	0.464568764568765	0.473880483647696	0.447622119693922
0.488344988344988	0.333566433566434	0.473880483647696	0.812935849787652
