x	xend	y	yend
0.488344988344988	0.873426573426574	0.473880483647696	0.264734918121147
0.488344988344988	0.624475524475525	0.473880483647696	0.408004237237352
0.488344988344988	0.627272727272727	0.473880483647696	0.779306717004749
0.488344988344988	0.665034965034965	0.473880483647696	0.740149507599998
