x	xend	y	yend
0.488344988344988	0.50979020979021	0.473880483647696	0.15785877009877
0.488344988344988	0.929370629370629	0.473880483647696	0.510273654741523
0.488344988344988	0.361538461538462	0.473880483647696	0.353644817122522
0.488344988344988	0.41002331002331	0.473880483647696	0.784834793626596
