x	xend	y	yend
0.488344988344988	0.905128205128205	0.473880483647696	0.296521358696768
0.488344988344988	0.465501165501165	0.473880483647696	0.267498956432071
0.488344988344988	0.596037296037296	0.473880483647696	0.505666924223317
0.488344988344988	0.665501165501166	0.473880483647696	0.844261617311452
