x	xend	y	yend
0.488344988344988	0.928438228438229	0.473880483647696	0.477565868062261
0.488344988344988	0.487412587412587	0.473880483647696	0.923497382224594
0.488344988344988	0.367132867132867	0.473880483647696	0.419060390481046
0.488344988344988	0.394638694638695	0.473880483647696	0.556801632975403
