x	xend	y	yend
0.488344988344988	0.902797202797203	0.473880483647696	0.280858474934868
0.488344988344988	0.478088578088578	0.473880483647696	0.288229243763998
0.488344988344988	0.596969696969697	0.473880483647696	0.597340861535615
0.488344988344988	0.671095571095571	0.473880483647696	0.827677387445911
