x	xend	y	yend
0.488344988344988	0.106060606060606	0.473880483647696	0.347656067448854
0.488344988344988	0.638461538461539	0.473880483647696	0.452228850212128
0.488344988344988	0.536829836829837	0.473880483647696	0.0459152185063661
0.488344988344988	0.273426573426573	0.473880483647696	0.5858240352401
