x	xend	y	yend
0.488344988344988	0.703729603729604	0.473880483647696	0.213139536317241
0.488344988344988	0.872494172494172	0.473880483647696	0.491846732668699
0.488344988344988	0.632867132867133	0.473880483647696	0.712969797542583
0.488344988344988	0.538228438228438	0.473880483647696	0.768711236812875
