x	xend	y	yend
0.488344988344988	0.844988344988345	0.473880483647696	0.340745971671545
0.488344988344988	0.359207459207459	0.473880483647696	0.446240100538461
0.488344988344988	0.27016317016317	0.473880483647696	0.586745381343741
0.488344988344988	0.64965034965035	0.473880483647696	0.899081710478103
