x	xend	y	yend
0.488344988344988	0.917715617715618	0.473880483647696	0.397408757045478
0.488344988344988	0.406759906759907	0.473880483647696	0.758576429672822
0.488344988344988	0.427738927738928	0.473880483647696	0.420903082688328
0.488344988344988	0.63939393939394	0.473880483647696	0.823992003031346
