x	xend	y	yend
0.488344988344988	0.827272727272727	0.473880483647696	0.248611361307427
0.488344988344988	0.72983682983683	0.473880483647696	0.442094043072075
0.488344988344988	0.642657342657343	0.473880483647696	0.759497775776463
0.488344988344988	0.630536130536131	0.473880483647696	0.754891045258257
