x	xend	y	yend
0.488344988344988	0.903729603729604	0.473880483647696	0.284083186297612
0.488344988344988	0.474825174825175	0.473880483647696	0.28224049409033
0.488344988344988	0.596969696969697	0.473880483647696	0.574767881996406
0.488344988344988	0.67016317016317	0.473880483647696	0.833205464067758
