x	xend	y	yend
0.488344988344988	0.546153846153846	0.473880483647696	0.145420597699614
0.488344988344988	0.948951048951049	0.473880483647696	0.5388353839544
0.488344988344988	0.457575757575758	0.473880483647696	0.493228751824161
0.488344988344988	0.455710955710956	0.473880483647696	0.789441524144802
