x	xend	y	yend
0.488344988344988	0.913519813519814	0.473880483647696	0.477565868062261
0.488344988344988	0.490675990675991	0.473880483647696	0.9281041127428
0.488344988344988	0.345687645687646	0.473880483647696	0.433341255087484
0.488344988344988	0.361538461538462	0.473880483647696	0.53929605700622
