x	xend	y	yend
0.488344988344988	0.057109557109557	0.473880483647696	0.332914529790595
0.488344988344988	0.506060606060606	0.473880483647696	0.231566458390065
0.488344988344988	0.649184149184149	0.473880483647696	0.109488099657608
0.488344988344988	0.560606060606061	0.473880483647696	0.503824232016035
