x	xend	y	yend
0.488344988344988	0.265967365967366	0.473880483647696	0.211296844109959
0.488344988344988	0.80955710955711	0.473880483647696	0.564172401804532
0.488344988344988	0.521911421911422	0.473880483647696	0.298364050904051
0.488344988344988	0.235664335664336	0.473880483647696	0.796351619922111
