x	xend	y	yend
0.488344988344988	0.0953379953379953	0.473880483647696	0.34489202913793
0.488344988344988	0.631468531468532	0.473880483647696	0.437026639502049
0.488344988344988	0.545221445221445	0.473880483647696	0.0463758915581867
0.488344988344988	0.290675990675991	0.473880483647696	0.580756631670074
