x	xend	y	yend
0.488344988344988	0.888344988344989	0.473880483647696	0.271184340846636
0.488344988344988	0.568531468531469	0.473880483647696	0.390498661268169
0.488344988344988	0.614219114219114	0.473880483647696	0.787138158885699
0.488344988344988	0.675757575757576	0.473880483647696	0.730936046563587
