x	xend	y	yend
0.488344988344988	0.336363636363636	0.473880483647696	0.18872386457075
0.488344988344988	0.873426573426574	0.473880483647696	0.542981441420785
0.488344988344988	0.545687645687646	0.473880483647696	0.519947788829755
0.488344988344988	0.281818181818182	0.473880483647696	0.825834695238629
