x	xend	y	yend
0.488344988344988	0.94988344988345	0.473880483647696	0.474341156699517
0.488344988344988	0.488811188811189	0.473880483647696	0.934092862416468
0.488344988344988	0.440792540792541	0.473880483647696	0.464206349559464
0.488344988344988	0.444055944055944	0.473880483647696	0.490925386565058
