x	xend	y	yend
0.488344988344988	0.234265734265734	0.473880483647696	0.253678764877453
0.488344988344988	0.765268065268065	0.473880483647696	0.564172401804532
0.488344988344988	0.508857808857809	0.473880483647696	0.189645210674391
0.488344988344988	0.213286713286713	0.473880483647696	0.747059603377307
