x	xend	y	yend
0.488344988344988	0.416083916083916	0.473880483647696	0.167072231135182
0.488344988344988	0.923776223776224	0.473880483647696	0.532385961228911
0.488344988344988	0.451048951048951	0.473880483647696	0.435644620346587
0.488344988344988	0.342424242424242	0.473880483647696	0.810171811476728
