x	xend	y	yend
0.488344988344988	0.223076923076923	0.473880483647696	0.275791071364842
0.488344988344988	0.746153846153846	0.473880483647696	0.561869036545429
0.488344988344988	0.503729603729604	0.473880483647696	0.151870020425102
0.488344988344988	0.204895104895105	0.473880483647696	0.721722585527175
