x	xend	y	yend
0.488344988344988	0.9	0.473880483647696	0.272105686950277
0.488344988344988	0.494405594405594	0.473880483647696	0.325543760961465
0.488344988344988	0.597902097902098	0.473880483647696	0.703295663454351
0.488344988344988	0.677622377622378	0.473880483647696	0.784834793626596
