x	xend	y	yend
0.488344988344988	0.543822843822844	0.473880483647696	0.152330693476923
0.488344988344988	0.948951048951049	0.473880483647696	0.538374710902579
0.488344988344988	0.505594405594406	0.473880483647696	0.5544982677163
0.488344988344988	0.445920745920746	0.473880483647696	0.786677485833878
