x	xend	y	yend
0.488344988344988	0.917249417249417	0.473880483647696	0.300206743111333
0.488344988344988	0.441724941724942	0.473880483647696	0.291914628178562
0.488344988344988	0.536363636363636	0.473880483647696	0.483093944684108
0.488344988344988	0.658041958041958	0.473880483647696	0.859924501073352
