x	xend	y	yend
0.488344988344988	0.904195804195804	0.473880483647696	0.287768570712177
0.488344988344988	0.471561771561772	0.473880483647696	0.276712417468483
0.488344988344988	0.596503496503497	0.473880483647696	0.552194902457197
0.488344988344988	0.668764568764569	0.473880483647696	0.837812194585964
