x	xend	y	yend
0.488344988344988	0.852913752913753	0.473880483647696	0.257364149292018
0.488344988344988	0.679020979020979	0.473880483647696	0.425509813206534
0.488344988344988	0.636596736596737	0.473880483647696	0.770093255968337
0.488344988344988	0.64965034965035	0.473880483647696	0.747980949480949
