x	xend	y	yend
0.488344988344988	0.941958041958042	0.473880483647696	0.474801829751337
0.488344988344988	0.489277389277389	0.473880483647696	0.933171516312826
0.488344988344988	0.40955710955711	0.473880483647696	0.457296253782155
0.488344988344988	0.414685314685315	0.473880483647696	0.502442212860573
