x	xend	y	yend
0.488344988344988	0.928904428904429	0.473880483647696	0.46144231124854
0.488344988344988	0.451515151515152	0.473880483647696	0.862688539384276
0.488344988344988	0.538694638694639	0.473880483647696	0.324622414857824
0.488344988344988	0.627272727272727	0.473880483647696	0.670127203723268
