x	xend	y	yend
0.488344988344988	0.554545454545455	0.473880483647696	0.144038578544152
0.488344988344988	0.939160839160839	0.473880483647696	0.527318557658885
0.488344988344988	0.394172494172494	0.473880483647696	0.412150294703737
0.488344988344988	0.462237762237762	0.473880483647696	0.784834793626596
