x	xend	y	yend
0.488344988344988	0.544289044289044	0.473880483647696	0.155555404839667
0.488344988344988	0.947552447552448	0.473880483647696	0.536992691747117
0.488344988344988	0.521445221445221	0.473880483647696	0.574767881996406
0.488344988344988	0.441724941724942	0.473880483647696	0.784834793626596
