x	xend	y	yend
0.488344988344988	0.575058275058275	0.473880483647696	0.155094731787846
0.488344988344988	0.913519813519814	0.473880483647696	0.495992790135085
0.488344988344988	0.31958041958042	0.473880483647696	0.317251646028695
0.488344988344988	0.460839160839161	0.473880483647696	0.765947198501951
