x	xend	y	yend
0.488344988344988	0.94009324009324	0.473880483647696	0.465588368714926
0.488344988344988	0.457575757575758	0.473880483647696	0.874666038731611
0.488344988344988	0.513519813519814	0.473880483647696	0.33706058725698
0.488344988344988	0.596037296037296	0.473880483647696	0.655385666065009
