x	xend	y	yend
0.488344988344988	0.0487179487179487	0.473880483647696	0.331071837583313
0.488344988344988	0.572727272727273	0.473880483647696	0.330150491479671
0.488344988344988	0.600699300699301	0.473880483647696	0.0661848327864722
0.488344988344988	0.422144522144522	0.473880483647696	0.543902787524426
