x	xend	y	yend
0.488344988344988	0.906060606060606	0.473880483647696	0.307116838888642
0.488344988344988	0.458974358974359	0.473880483647696	0.260588860654762
0.488344988344988	0.595571095571096	0.473880483647696	0.459138945989437
0.488344988344988	0.662703962703963	0.473880483647696	0.846564982570555
