x	xend	y	yend
0.488344988344988	0.951748251748252	0.473880483647696	0.473880483647696
0.488344988344988	0.474358974358974	0.473880483647696	0.903688440996309
0.488344988344988	0.437995337995338	0.473880483647696	0.376678469713551
0.488344988344988	0.496270396270396	0.473880483647696	0.607475668675668
