x	xend	y	yend
0.488344988344988	0.63939393939394	0.473880483647696	0.1965553064517
0.488344988344988	0.910722610722611	0.473880483647696	0.507509616430599
0.488344988344988	0.615617715617716	0.473880483647696	0.688554125796092
0.488344988344988	0.48974358974359	0.473880483647696	0.771014602071978
