x	xend	y	yend
0.488344988344988	0.919114219114219	0.473880483647696	0.299285397007692
0.488344988344988	0.435664335664336	0.473880483647696	0.302970781422257
0.488344988344988	0.516317016317016	0.473880483647696	0.491386059616879
0.488344988344988	0.656643356643357	0.473880483647696	0.864070558539738
