x	xend	y	yend
0.488344988344988	0.496270396270396	0.473880483647696	0.158319443150591
0.488344988344988	0.931235431235431	0.473880483647696	0.513959039156088
0.488344988344988	0.373659673659674	0.473880483647696	0.365161643418036
0.488344988344988	0.4002331002331	0.473880483647696	0.788980851092981
