x	xend	y	yend
0.488344988344988	0.0524475524475524	0.473880483647696	0.331993183686954
0.488344988344988	0.515850815850816	0.473880483647696	0.244925976892862
0.488344988344988	0.643123543123543	0.473880483647696	0.102117330828478
0.488344988344988	0.541025641025641	0.473880483647696	0.509812981689702
