x	xend	y	yend
0.488344988344988	0.8995337995338	0.473880483647696	0.272105686950277
0.488344988344988	0.497668997668998	0.473880483647696	0.334296548946057
0.488344988344988	0.597902097902098	0.473880483647696	0.723104604682636
0.488344988344988	0.678554778554779	0.473880483647696	0.773778640382902
