x	xend	y	yend
0.488344988344988	0.910722610722611	0.473880483647696	0.385891930749963
0.488344988344988	0.398368298368298	0.473880483647696	0.724947296889919
0.488344988344988	0.403030303030303	0.473880483647696	0.444397408331178
0.488344988344988	0.641258741258741	0.473880483647696	0.848868347829658
