x	xend	y	yend
0.488344988344988	0.0622377622377622	0.473880483647696	0.335217895049698
0.488344988344988	0.599300699300699	0.473880483647696	0.375296450558089
0.488344988344988	0.577389277389277	0.473880483647696	0.0546680064909574
0.488344988344988	0.363869463869464	0.473880483647696	0.560487017389967
