x	xend	y	yend
0.488344988344988	0.881818181818182	0.473880483647696	0.359633566796189
0.488344988344988	0.375524475524476	0.473880483647696	0.60931836088295
0.488344988344988	0.331235431235431	0.473880483647696	0.516262404415191
0.488344988344988	0.646386946386946	0.473880483647696	0.89723901827082
