x	xend	y	yend
0.488344988344988	0.429137529137529	0.473880483647696	0.164768865876079
0.488344988344988	0.927505827505828	0.473880483647696	0.530082595969808
0.488344988344988	0.437995337995338	0.473880483647696	0.423667120999252
0.488344988344988	0.351748251748252	0.473880483647696	0.806947100113984
