x	xend	y	yend
0.488344988344988	0.934965034965035	0.473880483647696	0.463745676507643
0.488344988344988	0.454778554778555	0.473880483647696	0.868677289057944
0.488344988344988	0.526107226107226	0.473880483647696	0.331071837583313
0.488344988344988	0.611421911421911	0.473880483647696	0.662756434894139
