x	xend	y	yend
0.488344988344988	0.544755244755245	0.473880483647696	0.146802616855076
0.488344988344988	0.949417249417249	0.473880483647696	0.53929605700622
0.488344988344988	0.473892773892774	0.473880483647696	0.513959039156088
0.488344988344988	0.452913752913753	0.473880483647696	0.788980851092981
