x	xend	y	yend
0.488344988344988	0.0454545454545454	0.473880483647696	0.330150491479671
0.488344988344988	0.554079254079254	0.473880483647696	0.300667416163154
0.488344988344988	0.615617715617716	0.473880483647696	0.0763196399265252
0.488344988344988	0.461771561771562	0.473880483647696	0.532846634280732
