x	xend	y	yend
0.488344988344988	0.902797202797203	0.473880483647696	0.37575712360991
0.488344988344988	0.38997668997669	0.473880483647696	0.689014798847913
0.488344988344988	0.378787878787879	0.473880483647696	0.468352407025849
0.488344988344988	0.643123543123543	0.473880483647696	0.869137962109764
