x	xend	y	yend
0.488344988344988	0.899067599067599	0.473880483647696	0.272566360002097
0.488344988344988	0.500932400932401	0.473880483647696	0.343049336930648
0.488344988344988	0.597902097902098	0.473880483647696	0.741992199807281
0.488344988344988	0.67995337995338	0.473880483647696	0.761340467983746
