x	xend	y	yend
0.488344988344988	0.198834498834499	0.473880483647696	0.342127990827007
0.488344988344988	0.694871794871795	0.473880483647696	0.550352210249914
0.488344988344988	0.493006993006993	0.473880483647696	0.075398293822884
0.488344988344988	0.187179487179487	0.473880483647696	0.647093551132239
