x	xend	y	yend
0.488344988344988	0.906993006993007	0.473880483647696	0.380363854128116
0.488344988344988	0.394172494172494	0.473880483647696	0.707441720920736
0.488344988344988	0.390909090909091	0.473880483647696	0.456374907678514
0.488344988344988	0.642191142191142	0.473880483647696	0.859463828021532
