x	xend	y	yend
0.488344988344988	0.855710955710956	0.473880483647696	0.350420105759778
0.488344988344988	0.362470862470862	0.473880483647696	0.5231725001925
0.488344988344988	0.286013986013986	0.473880483647696	0.561408363493609
0.488344988344988	0.648717948717949	0.473880483647696	0.905991806255412
