x	xend	y	yend
0.488344988344988	0.0627039627039626	0.473880483647696	0.334757221997877
0.488344988344988	0.496736596736597	0.473880483647696	0.218206939887268
0.488344988344988	0.654778554778555	0.473880483647696	0.117780214590378
0.488344988344988	0.58018648018648	0.473880483647696	0.497835482342367
