x	xend	y	yend
0.488344988344988	0.898135198135198	0.473880483647696	0.273487706105739
0.488344988344988	0.504662004662005	0.473880483647696	0.35272347101888
0.488344988344988	0.597902097902098	0.473880483647696	0.759958448828284
0.488344988344988	0.680885780885781	0.473880483647696	0.748441622532769
