x	xend	y	yend
0.488344988344988	0.913986013986014	0.473880483647696	0.47664452195862
0.488344988344988	0.491142191142191	0.473880483647696	0.930868151053724
0.488344988344988	0.34988344988345	0.473880483647696	0.444397408331178
0.488344988344988	0.358741258741259	0.473880483647696	0.525015192399782
