x	xend	y	yend
0.488344988344988	0.259440559440559	0.473880483647696	0.218206939887268
0.488344988344988	0.801165501165501	0.473880483647696	0.565093747908173
0.488344988344988	0.519114219114219	0.473880483647696	0.275330398313021
0.488344988344988	0.231002331002331	0.473880483647696	0.788520178041161
