x	xend	y	yend
0.488344988344988	0.524242424242424	0.473880483647696	0.15785877009877
0.488344988344988	0.926573426573427	0.473880483647696	0.506127597275138
0.488344988344988	0.349417249417249	0.473880483647696	0.342588663878827
0.488344988344988	0.41981351981352	0.473880483647696	0.78022806310839
