x	xend	y	yend
0.488344988344988	0.901398601398602	0.473880483647696	0.273948379157559
0.488344988344988	0.487878787878788	0.473880483647696	0.308959531095924
0.488344988344988	0.597435897435898	0.473880483647696	0.662756434894139
0.488344988344988	0.675291375291375	0.473880483647696	0.804643734854881
