x	xend	y	yend
0.488344988344988	0.0855477855477855	0.473880483647696	0.342127990827007
0.488344988344988	0.624009324009324	0.473880483647696	0.421363755740149
0.488344988344988	0.553146853146853	0.473880483647696	0.0477579107136485
0.488344988344988	0.308391608391608	0.473880483647696	0.575689228100047
