x	xend	y	yend
0.488344988344988	0.544755244755245	0.473880483647696	0.159701462306052
0.488344988344988	0.945687645687646	0.473880483647696	0.534228653436194
0.488344988344988	0.536829836829837	0.473880483647696	0.594576823224691
0.488344988344988	0.437062937062937	0.473880483647696	0.782531428367493
