x	xend	y	yend
0.488344988344988	0.203030303030303	0.473880483647696	0.327386453168748
0.488344988344988	0.705594405594406	0.473880483647696	0.553576921612659
0.488344988344988	0.494871794871795	0.473880483647696	0.0882971392738606
0.488344988344988	0.19044289044289	0.473880483647696	0.66321710794596
