x	xend	y	yend
0.488344988344988	0.252913752913753	0.473880483647696	0.225577708716397
0.488344988344988	0.792307692307692	0.473880483647696	0.565093747908173
0.488344988344988	0.516317016317016	0.473880483647696	0.252757418773812
0.488344988344988	0.226340326340326	0.473880483647696	0.779306717004749
