x	xend	y	yend
0.488344988344988	0.0468531468531468	0.473880483647696	0.330611164531492
0.488344988344988	0.534965034965035	0.473880483647696	0.272105686950277
0.488344988344988	0.62960372960373	0.473880483647696	0.0882971392738606
0.488344988344988	0.501398601398601	0.473880483647696	0.521329807985217
