x	xend	y	yend
0.488344988344988	0.130769230769231	0.473880483647696	0.355026836277983
0.488344988344988	0.651981351981352	0.473880483647696	0.483093944684108
0.488344988344988	0.520979020979021	0.473880483647696	0.0459152185063661
0.488344988344988	0.23986013986014	0.473880483647696	0.595498169328333
