x	xend	y	yend
0.488344988344988	0.952214452214452	0.473880483647696	0.472959137544055
0.488344988344988	0.472027972027972	0.473880483647696	0.899542383529923
0.488344988344988	0.450582750582751	0.473880483647696	0.369768373936242
0.488344988344988	0.513053613053613	0.473880483647696	0.615767783608439
