x	xend	y	yend
0.488344988344988	0.887878787878788	0.473880483647696	0.363318951210754
0.488344988344988	0.378787878787879	0.473880483647696	0.630048648214877
0.488344988344988	0.342890442890443	0.473880483647696	0.504284905067855
0.488344988344988	0.645454545454546	0.473880483647696	0.891710941648973
