x	xend	y	yend
0.488344988344988	0.159207459207459	0.473880483647696	0.362858278158934
0.488344988344988	0.663636363636364	0.473880483647696	0.513959039156088
0.488344988344988	0.504662004662005	0.473880483647696	0.0482185837654691
0.488344988344988	0.209090909090909	0.473880483647696	0.604711630364744
