x	xend	y	yend
0.488344988344988	0.917249417249417	0.473880483647696	0.299746070059512
0.488344988344988	0.417482517482518	0.473880483647696	0.335678568101519
0.488344988344988	0.456177156177156	0.473880483647696	0.51534105831155
0.488344988344988	0.653379953379953	0.473880483647696	0.875126711783432
