x	xend	y	yend
0.488344988344988	0.571794871794872	0.473880483647696	0.179971076586158
0.488344988344988	0.932634032634033	0.473880483647696	0.519026442726114
0.488344988344988	0.591375291375291	0.473880483647696	0.661374415738677
0.488344988344988	0.438461538461539	0.473880483647696	0.771475275123799
