x	xend	y	yend
0.488344988344988	0.207692307692308	0.473880483647696	0.31356626161413
0.488344988344988	0.715850815850816	0.473880483647696	0.555880286871761
0.488344988344988	0.497202797202797	0.473880483647696	0.102578003880299
0.488344988344988	0.193706293706294	0.473880483647696	0.67887999170786
