x	xend	y	yend
0.488344988344988	0.552214452214452	0.473880483647696	0.15785877009877
0.488344988344988	0.918181818181818	0.473880483647696	0.496914136238726
0.488344988344988	0.327039627039627	0.473880483647696	0.320476357391439
0.488344988344988	0.439393939393939	0.473880483647696	0.771014602071978
