x	xend	y	yend
0.488344988344988	0.920512820512821	0.473880483647696	0.403397506719146
0.488344988344988	0.411421911421911	0.473880483647696	0.773778640382902
0.488344988344988	0.44032634032634	0.473880483647696	0.408925583340993
0.488344988344988	0.638461538461539	0.473880483647696	0.810171811476728
