x	xend	y	yend
0.488344988344988	0.919114219114219	0.473880483647696	0.298824723955871
0.488344988344988	0.423543123543124	0.473880483647696	0.324622414857824
0.488344988344988	0.476223776223776	0.473880483647696	0.507509616430599
0.488344988344988	0.654312354312354	0.473880483647696	0.871441327368867
