x	xend	y	yend
0.488344988344988	0.910722610722611	0.473880483647696	0.302970781422257
0.488344988344988	0.404895104895105	0.473880483647696	0.357790874588907
0.488344988344988	0.416550116550117	0.473880483647696	0.53100394207345
0.488344988344988	0.651515151515152	0.473880483647696	0.88157613450892
