x	xend	y	yend
0.488344988344988	0.952680652680653	0.473880483647696	0.473880483647696
0.488344988344988	0.488344988344988	0.473880483647696	0.934553535468288
0.488344988344988	0.456643356643357	0.473880483647696	0.467431060922208
0.488344988344988	0.458508158508159	0.473880483647696	0.485397309943211
