x	xend	y	yend
0.488344988344988	0.762470862470863	0.473880483647696	0.229263093130962
0.488344988344988	0.819347319347319	0.473880483647696	0.472498464492234
0.488344988344988	0.642657342657343	0.473880483647696	0.734621430978151
0.488344988344988	0.582051282051282	0.473880483647696	0.764104506294669
