x	xend	y	yend
0.488344988344988	0.906060606060606	0.473880483647696	0.30573481973318
0.488344988344988	0.398834498834499	0.473880483647696	0.368847027832601
0.488344988344988	0.396969696969697	0.473880483647696	0.5388353839544
0.488344988344988	0.651048951048951	0.473880483647696	0.884800845871664
