x	xend	y	yend
0.488344988344988	0.544289044289044	0.473880483647696	0.149105982114179
0.488344988344988	0.949417249417249	0.473880483647696	0.53929605700622
0.488344988344988	0.48974358974359	0.473880483647696	0.534228653436194
0.488344988344988	0.44965034965035	0.473880483647696	0.788520178041161
