x	xend	y	yend
0.488344988344988	0.547552447552448	0.473880483647696	0.168914923342464
0.488344988344988	0.93962703962704	0.473880483647696	0.526857884607064
0.488344988344988	0.567599067599068	0.473880483647696	0.633273359577621
0.488344988344988	0.426806526806527	0.473880483647696	0.775621332590184
