x	xend	y	yend
0.488344988344988	0.287878787878788	0.473880483647696	0.195633960348059
0.488344988344988	0.832867132867133	0.473880483647696	0.560026344338147
0.488344988344988	0.52983682983683	0.473880483647696	0.370229046988063
0.488344988344988	0.250582750582751	0.473880483647696	0.815239215046755
