x	xend	y	yend
0.488344988344988	0.743356643356644	0.473880483647696	0.224195689560935
0.488344988344988	0.838927738927739	0.473880483647696	0.478947887217723
0.488344988344988	0.64032634032634	0.473880483647696	0.727711335200843
0.488344988344988	0.568065268065268	0.473880483647696	0.765947198501951
