x	xend	y	yend
0.488344988344988	0.944289044289044	0.473880483647696	0.47664452195862
0.488344988344988	0.481351981351981	0.473880483647696	0.915205267291823
0.488344988344988	0.401631701631702	0.473880483647696	0.397408757045478
0.488344988344988	0.444988344988345	0.473880483647696	0.582138650825535
