x	xend	y	yend
0.488344988344988	0.0776223776223776	0.473880483647696	0.338442606412442
0.488344988344988	0.477622377622378	0.473880483647696	0.193330595088956
0.488344988344988	0.665967365967366	0.473880483647696	0.13482511750774
0.488344988344988	0.617948717948718	0.473880483647696	0.485397309943211
