x	xend	y	yend
0.488344988344988	0.904662004662005	0.473880483647696	0.291914628178562
0.488344988344988	0.468298368298368	0.473880483647696	0.271645013898456
0.488344988344988	0.596503496503497	0.473880483647696	0.529161249866167
0.488344988344988	0.666899766899767	0.473880483647696	0.841497579000529
