x	xend	y	yend
0.488344988344988	0.545687645687646	0.473880483647696	0.163847519772438
0.488344988344988	0.942890442890443	0.473880483647696	0.53100394207345
0.488344988344988	0.552214452214452	0.473880483647696	0.614385764452977
0.488344988344988	0.432400932400932	0.473880483647696	0.779306717004749
