x	xend	y	yend
0.488344988344988	0.28041958041958	0.473880483647696	0.199780017814444
0.488344988344988	0.825407925407925	0.473880483647696	0.561869036545429
0.488344988344988	0.527039627039627	0.473880483647696	0.345813375241572
0.488344988344988	0.245454545454545	0.473880483647696	0.810171811476728
