x	xend	y	yend
0.488344988344988	0.948018648018648	0.473880483647696	0.46881308007767
0.488344988344988	0.463636363636364	0.473880483647696	0.885261518923485
0.488344988344988	0.488344988344988	0.473880483647696	0.349959432707957
0.488344988344988	0.563403263403264	0.473880483647696	0.639722782303109
