x	xend	y	yend
0.488344988344988	0.898135198135198	0.473880483647696	0.371150393091704
0.488344988344988	0.386247086247086	0.473880483647696	0.669666530671448
0.488344988344988	0.366666666666667	0.473880483647696	0.480790579425005
0.488344988344988	0.644055944055944	0.473880483647696	0.877890750094355
