x	xend	y	yend
0.488344988344988	0.914452214452215	0.473880483647696	0.301128089214974
0.488344988344988	0.410955710955711	0.473880483647696	0.346734721345213
0.488344988344988	0.436596736596737	0.473880483647696	0.5231725001925
0.488344988344988	0.652447552447552	0.473880483647696	0.878351423146176
