x	xend	y	yend
0.488344988344988	0.86969696969697	0.473880483647696	0.354105490174342
0.488344988344988	0.368997668997669	0.473880483647696	0.566936440115456
0.488344988344988	0.308391608391608	0.473880483647696	0.53929605700622
0.488344988344988	0.647785547785548	0.473880483647696	0.904149114048129
