x	xend	y	yend
0.488344988344988	0.482284382284382	0.473880483647696	0.159240789254232
0.488344988344988	0.932634032634033	0.473880483647696	0.517644423570652
0.488344988344988	0.385780885780886	0.473880483647696	0.376678469713551
0.488344988344988	0.39044289044289	0.473880483647696	0.793126908559367
