x	xend	y	yend
0.488344988344988	0.594638694638695	0.473880483647696	0.185499153208006
0.488344988344988	0.927039627039627	0.473880483647696	0.51534105831155
0.488344988344988	0.6002331002331	0.473880483647696	0.670587876775089
0.488344988344988	0.455710955710956	0.473880483647696	0.771475275123799
