x	xend	y	yend
0.488344988344988	0.928904428904429	0.473880483647696	0.44577942748664
0.488344988344988	0.440792540792541	0.473880483647696	0.846564982570555
0.488344988344988	0.514452214452215	0.473880483647696	0.343970683034289
0.488344988344988	0.630536130536131	0.473880483647696	0.709284413128019
