x	xend	y	yend
0.488344988344988	0.848251748251748	0.473880483647696	0.349038086604316
0.488344988344988	0.35967365967366	0.473880483647696	0.501060193705111
0.488344988344988	0.275291375291375	0.473880483647696	0.572003843685482
0.488344988344988	0.649184149184149	0.473880483647696	0.905531133203591
