x	xend	y	yend
0.488344988344988	0.0687645687645687	0.473880483647696	0.33706058725698
0.488344988344988	0.607692307692308	0.473880483647696	0.39095933431999
0.488344988344988	0.56946386946387	0.473880483647696	0.0519039681800338
0.488344988344988	0.345221445221445	0.473880483647696	0.565554420959994
