x	xend	y	yend
0.488344988344988	0.217482517482517	0.473880483647696	0.287768570712177
0.488344988344988	0.736363636363636	0.473880483647696	0.560026344338147
0.488344988344988	0.501398601398601	0.473880483647696	0.13436444445592
0.488344988344988	0.201165501165501	0.473880483647696	0.708363067024377
