x	xend	y	yend
0.488344988344988	0.877156177156177	0.473880483647696	0.322319049598721
0.488344988344988	0.375058275058275	0.473880483647696	0.413532313859199
0.488344988344988	0.322377622377622	0.473880483647696	0.567857786219097
0.488344988344988	0.649184149184149	0.473880483647696	0.894474979959897
