x	xend	y	yend
0.488344988344988	0.357342657342657	0.473880483647696	0.1808924226898
0.488344988344988	0.892074592074592	0.473880483647696	0.541138749213503
0.488344988344988	0.518648018648019	0.473880483647696	0.495992790135085
0.488344988344988	0.298135198135198	0.473880483647696	0.822609983875884
