x	xend	y	yend
0.488344988344988	0.867365967365967	0.473880483647696	0.327847126220568
0.488344988344988	0.36993006993007	0.473880483647696	0.424588467102893
0.488344988344988	0.304195804195804	0.473880483647696	0.574307208944585
0.488344988344988	0.649184149184149	0.473880483647696	0.896317672167179
