x	xend	y	yend
0.488344988344988	0.117715617715618	0.473880483647696	0.351341451863419
0.488344988344988	0.645454545454546	0.473880483647696	0.467891733974029
0.488344988344988	0.528904428904429	0.473880483647696	0.0454545454545455
0.488344988344988	0.256177156177156	0.473880483647696	0.590891438810127
