x	xend	y	yend
0.488344988344988	0.565734265734266	0.473880483647696	0.149105982114179
0.488344988344988	0.925641025641026	0.473880483647696	0.510734327793344
0.488344988344988	0.348484848484848	0.473880483647696	0.353644817122522
0.488344988344988	0.462703962703963	0.473880483647696	0.775160659538363
