x	xend	y	yend
0.488344988344988	0.311188811188811	0.473880483647696	0.188263191518929
0.488344988344988	0.854312354312355	0.473880483647696	0.553116248560838
0.488344988344988	0.537762237762238	0.473880483647696	0.444858081382999
0.488344988344988	0.265967365967366	0.473880483647696	0.825374022186808
