x	xend	y	yend
0.488344988344988	0.212820512820513	0.473880483647696	0.300667416163154
0.488344988344988	0.726107226107226	0.473880483647696	0.558183652130865
0.488344988344988	0.4995337995338	0.473880483647696	0.117780214590378
0.488344988344988	0.197435897435897	0.473880483647696	0.693621529366119
