x	xend	y	yend
0.488344988344988	0.57039627039627	0.473880483647696	0.151870020425102
0.488344988344988	0.91958041958042	0.473880483647696	0.503824232016035
0.488344988344988	0.334032634032634	0.473880483647696	0.335217895049698
0.488344988344988	0.461771561771562	0.473880483647696	0.771014602071978
