x	xend	y	yend
0.488344988344988	0.862703962703963	0.473880483647696	0.35226279796706
0.488344988344988	0.365734265734266	0.473880483647696	0.545284806679888
0.488344988344988	0.297202797202797	0.473880483647696	0.550352210249914
0.488344988344988	0.648251748251748	0.473880483647696	0.905531133203591
