x	xend	y	yend
0.488344988344988	0.893006993006993	0.473880483647696	0.367004335625319
0.488344988344988	0.382517482517483	0.473880483647696	0.650318262494983
0.488344988344988	0.355011655011655	0.473880483647696	0.49276807877234
0.488344988344988	0.644988344988345	0.473880483647696	0.885261518923485
