x	xend	y	yend
0.488344988344988	0.538228438228438	0.473880483647696	0.157398097046949
0.488344988344988	0.922843822843823	0.473880483647696	0.501520866756932
0.488344988344988	0.338228438228438	0.473880483647696	0.331532510635133
0.488344988344988	0.42960372960373	0.473880483647696	0.775621332590184
