x	xend	y	yend
0.488344988344988	0.897668997668998	0.473880483647696	0.2748697252612
0.488344988344988	0.507925407925408	0.473880483647696	0.362397605107113
0.488344988344988	0.597902097902098	0.473880483647696	0.777464024797466
0.488344988344988	0.681818181818182	0.473880483647696	0.735082104029972
