x	xend	y	yend
0.488344988344988	0.580652680652681	0.473880483647696	0.158780116202411
0.488344988344988	0.906526806526807	0.473880483647696	0.487240002150493
0.488344988344988	0.306060606060606	0.473880483647696	0.299285397007692
0.488344988344988	0.458974358974359	0.473880483647696	0.760879794931925
