x	xend	y	yend
0.488344988344988	0.864102564102564	0.473880483647696	0.261049533706583
0.488344988344988	0.651981351981352	0.473880483647696	0.416757025221943
0.488344988344988	0.632400932400932	0.473880483647696	0.774699986486543
0.488344988344988	0.658041958041958	0.473880483647696	0.744295565066384
