x	xend	y	yend
0.488344988344988	0.893473193473194	0.473880483647696	0.273948379157559
0.488344988344988	0.54009324009324	0.473880483647696	0.381745873283578
0.488344988344988	0.606293706293706	0.473880483647696	0.790362870248443
0.488344988344988	0.67995337995338	0.473880483647696	0.72586864299356
