x	xend	y	yend
0.488344988344988	0.0491841491841492	0.473880483647696	0.331071837583313
0.488344988344988	0.525641025641026	0.473880483647696	0.258285495395659
0.488344988344988	0.636596736596737	0.473880483647696	0.0947465619993489
0.488344988344988	0.521445221445221	0.473880483647696	0.51580173136337
