x	xend	y	yend
0.488344988344988	0.914452214452215	0.473880483647696	0.302049435318615
0.488344988344988	0.447785547785548	0.473880483647696	0.281319147986689
0.488344988344988	0.556410256410256	0.473880483647696	0.475262502803158
0.488344988344988	0.659440559440559	0.473880483647696	0.855317770555146
