x	xend	y	yend
0.488344988344988	0.893473193473194	0.473880483647696	0.312644915510489
0.488344988344988	0.386713286713287	0.473880483647696	0.39142000737181
0.488344988344988	0.359207459207459	0.473880483647696	0.553576921612659
0.488344988344988	0.64965034965035	0.473880483647696	0.889868249441691
