x	xend	y	yend
0.488344988344988	0.922843822843823	0.473880483647696	0.409846929444634
0.488344988344988	0.416083916083916	0.473880483647696	0.788520178041161
0.488344988344988	0.452447552447553	0.473880483647696	0.397408757045478
0.488344988344988	0.637062937062937	0.473880483647696	0.795430273818469
