x	xend	y	yend
0.488344988344988	0.904662004662005	0.473880483647696	0.477565868062261
0.488344988344988	0.492074592074592	0.473880483647696	0.929946804950082
0.488344988344988	0.335431235431235	0.473880483647696	0.440712023916614
0.488344988344988	0.345221445221445	0.473880483647696	0.530543269021629
