x	xend	y	yend
0.488344988344988	0.19044289044289	0.473880483647696	0.372071739195345
0.488344988344988	0.673426573426574	0.473880483647696	0.543902787524426
0.488344988344988	0.488811188811189	0.473880483647696	0.052825314283675
0.488344988344988	0.181118881118881	0.473880483647696	0.613925091401156
