x	xend	y	yend
0.488344988344988	0.901864801864802	0.473880483647696	0.275791071364842
0.488344988344988	0.484615384615385	0.473880483647696	0.301588762266795
0.488344988344988	0.597435897435898	0.473880483647696	0.641104801458571
0.488344988344988	0.673892773892774	0.473880483647696	0.813396522839473
