x	xend	y	yend
0.488344988344988	0.921445221445222	0.473880483647696	0.477565868062261
0.488344988344988	0.488811188811189	0.473880483647696	0.925800747483697
0.488344988344988	0.356410256410256	0.473880483647696	0.425970486258355
0.488344988344988	0.377855477855478	0.473880483647696	0.548048844990812
