x	xend	y	yend
0.488344988344988	0.661305361305361	0.473880483647696	0.202083383073547
0.488344988344988	0.8995337995338	0.473880483647696	0.502442212860573
0.488344988344988	0.622144522144522	0.473880483647696	0.696846240728863
0.488344988344988	0.506526806526806	0.473880483647696	0.770093255968337
