x	xend	y	yend
0.488344988344988	0.723776223776224	0.473880483647696	0.218667612939088
0.488344988344988	0.856177156177156	0.473880483647696	0.485397309943211
0.488344988344988	0.637062937062937	0.473880483647696	0.720340566371713
0.488344988344988	0.553613053613054	0.473880483647696	0.767329217657413
