x	xend	y	yend
0.488344988344988	0.92983682983683	0.473880483647696	0.475723175854979
0.488344988344988	0.49020979020979	0.473880483647696	0.932250170209185
0.488344988344988	0.379254079254079	0.473880483647696	0.450846831056667
0.488344988344988	0.386247086247086	0.473880483647696	0.513959039156088
