x	xend	y	yend
0.488344988344988	0.922377622377623	0.473880483647696	0.476183848906799
0.488344988344988	0.490675990675991	0.473880483647696	0.931328824105544
0.488344988344988	0.364335664335664	0.473880483647696	0.447622119693922
0.488344988344988	0.372261072261072	0.473880483647696	0.519487115777935
