x	xend	y	yend
0.488344988344988	0.936363636363636	0.473880483647696	0.475262502803158
0.488344988344988	0.48974358974359	0.473880483647696	0.932710843261006
0.488344988344988	0.394172494172494	0.473880483647696	0.454071542419411
0.488344988344988	0.4002331002331	0.473880483647696	0.508430962534241
