x	xend	y	yend
0.488344988344988	0.327972027972028	0.473880483647696	0.187802518467108
0.488344988344988	0.867365967365967	0.473880483647696	0.54666682583535
0.488344988344988	0.542890442890443	0.473880483647696	0.495071444031443
0.488344988344988	0.276689976689977	0.473880483647696	0.82675604134227
