x	xend	y	yend
0.488344988344988	0.0519813519813519	0.473880483647696	0.332453856738774
0.488344988344988	0.582051282051282	0.473880483647696	0.345352702189751
0.488344988344988	0.593240093240093	0.473880483647696	0.0615781022682662
0.488344988344988	0.402564102564103	0.473880483647696	0.549430864146273
