x	xend	y	yend
0.488344988344988	0.926573426573427	0.473880483647696	0.423667120999252
0.488344988344988	0.425407925407925	0.473880483647696	0.814778541994934
0.488344988344988	0.477156177156177	0.473880483647696	0.375296450558089
0.488344988344988	0.634731934731935	0.473880483647696	0.763183160191028
