x	xend	y	yend
0.488344988344988	0.442191142191142	0.473880483647696	0.162926173668796
0.488344988344988	0.92983682983683	0.473880483647696	0.527318557658885
0.488344988344988	0.424475524475525	0.473880483647696	0.412150294703737
0.488344988344988	0.361538461538462	0.473880483647696	0.80372238875124
