x	xend	y	yend
0.488344988344988	0.0468531468531468	0.473880483647696	0.330611164531492
0.488344988344988	0.563403263403264	0.473880483647696	0.315408953821412
0.488344988344988	0.608158508158508	0.473880483647696	0.0707915633046781
0.488344988344988	0.441724941724942	0.473880483647696	0.538374710902579
