x	xend	y	yend
0.488344988344988	0.273426573426573	0.473880483647696	0.205308094436291
0.488344988344988	0.817482517482518	0.473880483647696	0.563251055700891
0.488344988344988	0.524242424242424	0.473880483647696	0.321858376546901
0.488344988344988	0.24032634032634	0.473880483647696	0.80372238875124
