x	xend	y	yend
0.488344988344988	0.346620046620047	0.473880483647696	0.184577807104364
0.488344988344988	0.883216783216783	0.473880483647696	0.542060095317144
0.488344988344988	0.532167832167832	0.473880483647696	0.50797028948242
0.488344988344988	0.29020979020979	0.473880483647696	0.824452676083167
