x	xend	y	yend
0.488344988344988	0.927505827505828	0.473880483647696	0.431037889828381
0.488344988344988	0.430536130536131	0.473880483647696	0.826295368290449
0.488344988344988	0.48974358974359	0.473880483647696	0.364240297314395
0.488344988344988	0.633333333333333	0.473880483647696	0.746138257273666
