x	xend	y	yend
0.488344988344988	0.947552447552448	0.473880483647696	0.475723175854979
0.488344988344988	0.479020979020979	0.473880483647696	0.911519882877259
0.488344988344988	0.413752913752914	0.473880483647696	0.390498661268169
0.488344988344988	0.462237762237762	0.473880483647696	0.590891438810127
