x	xend	y	yend
0.488344988344988	0.549417249417249	0.473880483647696	0.174442999964311
0.488344988344988	0.935897435897436	0.473880483647696	0.521790481037038
0.488344988344988	0.582051282051282	0.473880483647696	0.652160954702265
0.488344988344988	0.421212121212121	0.473880483647696	0.771475275123799
