x	xend	y	yend
0.488344988344988	0.551748251748252	0.473880483647696	0.143577905492332
0.488344988344988	0.942890442890443	0.473880483647696	0.53146461512527
0.488344988344988	0.41002331002331	0.473880483647696	0.432419908983843
0.488344988344988	0.461305361305361	0.473880483647696	0.787138158885699
