x	xend	y	yend
0.488344988344988	0.368531468531469	0.473880483647696	0.177667711327055
0.488344988344988	0.900466200466201	0.473880483647696	0.539756730058041
0.488344988344988	0.505128205128205	0.473880483647696	0.484015290787749
0.488344988344988	0.306526806526807	0.473880483647696	0.820306618616781
