x	xend	y	yend
0.488344988344988	0.617016317016317	0.473880483647696	0.191027229829853
0.488344988344988	0.91958041958042	0.473880483647696	0.511655673896985
0.488344988344988	0.608158508158508	0.473880483647696	0.679801337811501
0.488344988344988	0.472960372960373	0.473880483647696	0.771014602071978
