x	xend	y	yend
0.488344988344988	0.856643356643357	0.473880483647696	0.333835875894236
0.488344988344988	0.364335664335664	0.473880483647696	0.435183947294766
0.488344988344988	0.286946386946387	0.473880483647696	0.580756631670074
0.488344988344988	0.649184149184149	0.473880483647696	0.897699691322641
