x	xend	y	yend
0.488344988344988	0.557808857808858	0.473880483647696	0.144959924647793
0.488344988344988	0.935431235431236	0.473880483647696	0.522711827140679
0.488344988344988	0.378787878787879	0.473880483647696	0.392341353475451
0.488344988344988	0.462703962703963	0.473880483647696	0.782070755315672
