x	xend	y	yend
0.488344988344988	0.946620046620047	0.473880483647696	0.474341156699517
0.488344988344988	0.488811188811189	0.473880483647696	0.933632189364647
0.488344988344988	0.425407925407925	0.473880483647696	0.46098163819672
0.488344988344988	0.429137529137529	0.473880483647696	0.496914136238726
