x	xend	y	yend
0.488344988344988	0.78018648018648	0.473880483647696	0.234330496700988
0.488344988344988	0.798834498834499	0.473880483647696	0.465127695663105
0.488344988344988	0.644055944055944	0.473880483647696	0.74153152675546
0.488344988344988	0.595571095571096	0.473880483647696	0.762261814087387
