x	xend	y	yend
0.488344988344988	0.914452214452215	0.473880483647696	0.39142000737181
0.488344988344988	0.402564102564103	0.473880483647696	0.741992199807281
0.488344988344988	0.415617715617716	0.473880483647696	0.432419908983843
0.488344988344988	0.64032634032634	0.473880483647696	0.836890848482323
