x	xend	y	yend
0.488344988344988	0.902331002331002	0.473880483647696	0.278094436623945
0.488344988344988	0.481351981351981	0.473880483647696	0.294678666489486
0.488344988344988	0.597435897435898	0.473880483647696	0.619453168023003
0.488344988344988	0.672494172494173	0.473880483647696	0.821227964720423
