x	xend	y	yend
0.478332301538169	0.811681508643269	0.481307084378401	0.420732572997019
0.478332301538169	0.417377017953236	0.481307084378401	0.848540059628035
0.478332301538169	0.149269012810134	0.481307084378401	0.308575079267427
0.478332301538169	0.538335158817087	0.481307084378401	0.245161137665042
