x	xend	y	yend
0.478332301538169	0.757869422353445	0.481307084378401	0.327504614074109
0.478332301538169	0.311181484832611	0.481307084378401	0.505915479627088
0.478332301538169	0.135458831372923	0.481307084378401	0.281127253797738
0.478332301538169	0.532144387827992	0.481307084378401	0.0818938999574086
