x	xend	y	yend
0.478332301538169	0.58167055574075	0.481307084378401	0.265037149212058
0.478332301538169	0.928353731130054	0.481307084378401	0.57784771189248
0.478332301538169	0.521191485308824	0.481307084378401	0.75767829255596
0.478332301538169	0.58690890042383	0.481307084378401	0.178907765841654
