x	xend	y	yend
0.478332301538169	0.545478356112196	0.481307084378401	0.304315933935923
0.478332301538169	0.427377494166389	0.481307084378401	0.539988642279116
0.478332301538169	0.0454545454545455	0.481307084378401	0.285386399129241
0.478332301538169	0.658340873374923	0.481307084378401	0.0927783824712508
