x	xend	y	yend
0.478332301538169	0.493571122434402	0.481307084378401	0.282546968908239
0.478332301538169	0.477379875232154	0.481307084378401	0.556078746864796
0.478332301538169	0.0516453164436402	0.481307084378401	0.288225829350244
0.478332301538169	0.689294728320396	0.481307084378401	0.105082580095594
