x	xend	y	yend
0.478332301538169	0.880732415829325	0.481307084378401	0.293431451422081
0.478332301538169	0.485475498833278	0.481307084378401	0.615706781505844
0.478332301538169	0.338801847707034	0.481307084378401	0.077161516255738
0.478332301538169	0.265465022143912	0.481307084378401	0.395650939378165
