x	xend	y	yend
0.478332301538169	0.459759988570884	0.481307084378401	0.26787657943306
0.478332301538169	0.510714795942664	0.481307084378401	0.566963229378638
0.478332301538169	0.0635506452688224	0.481307084378401	0.292484974681747
0.478332301538169	0.709295680746702	0.481307084378401	0.113127632388434
