x	xend	y	yend
0.478332301538169	0.367374636887471	0.481307084378401	0.224338649377692
0.478332301538169	0.626434592123434	0.481307084378401	0.574061804931144
0.478332301538169	0.143554454974046	0.481307084378401	0.312360986228763
0.478332301538169	0.762155340730511	0.481307084378401	0.133950120675784
