x	xend	y	yend
0.478332301538169	0.871684365922187	0.481307084378401	0.443921253135204
0.478332301538169	0.360231439592362	0.481307084378401	0.877407600208225
0.478332301538169	0.242130577646555	0.481307084378401	0.225758364488193
0.478332301538169	0.427377494166389	0.481307084378401	0.45906488098055
