x	xend	y	yend
0.478332301538169	0.35356445545026	0.481307084378401	0.213927405234016
0.478332301538169	0.661674365445974	0.481307084378401	0.556078746864796
0.478332301538169	0.171651031001476	0.481307084378401	0.310941271118262
0.478332301538169	0.767393685413591	0.481307084378401	0.138209266007288
