x	xend	y	yend
0.478332301538169	0.688342302014382	0.481307084378401	0.174175382139984
0.478332301538169	0.899304728796609	0.481307084378401	0.580687142113482
0.478332301538169	0.553097766560313	0.481307084378401	0.78985850172732
0.478332301538169	0.481189580456212	0.481307084378401	0.324665183853107
