x	xend	y	yend
0.478332301538169	0.903114434020668	0.481307084378401	0.45906488098055
0.478332301538169	0.455950283346826	0.481307084378401	0.91668638493209
0.478332301538169	0.266893661602934	0.481307084378401	0.367256637168142
0.478332301538169	0.511667222248679	0.481307084378401	0.336022904737116
