x	xend	y	yend
0.478332301538169	0.949783323015382	0.481307084378401	0.479414130897733
0.478332301538169	0.476427448926139	0.481307084378401	0.951232785954285
0.478332301538169	0.412138673270156	0.481307084378401	0.445340968245705
0.478332301538169	0.487856564598314	0.481307084378401	0.436822677582698
