x	xend	y	yend
0.478332301538169	0.694533073003476	0.481307084378401	0.367729875538309
0.478332301538169	0.28689461402924	0.481307084378401	0.495504235483413
0.478332301538169	0.109267107957522	0.481307084378401	0.309048317637594
0.478332301538169	0.563574455926473	0.481307084378401	0.0558657895982206
