x	xend	y	yend
0.478332301538169	0.851683413495881	0.481307084378401	0.268823056173394
0.478332301538169	0.37451783418258	0.481307084378401	0.517273200511097
0.478332301538169	0.203557312252965	0.481307084378401	0.216766835455019
0.478332301538169	0.44642602028668	0.481307084378401	0.153352893852634
