x	xend	y	yend
0.478332301538169	0.537858945664079	0.481307084378401	0.316620131560267
0.478332301538169	0.929782370589076	0.481307084378401	0.582580095594151
0.478332301538169	0.519762845849802	0.481307084378401	0.73685580426861
0.478332301538169	0.611671984380209	0.481307084378401	0.13300364393545
