x	xend	y	yend
0.478332301538169	0.702152483451593	0.481307084378401	0.184586626283659
0.478332301538169	0.889780465736464	0.481307084378401	0.574061804931144
0.478332301538169	0.562145816467451	0.481307084378401	0.795064123799158
0.478332301538169	0.466426972712986	0.481307084378401	0.311414509488429
