x	xend	y	yend
0.478332301538169	0.885970760512406	0.481307084378401	0.309048317637594
0.478332301538169	0.454521643887804	0.481307084378401	0.662084141782216
0.478332301538169	0.319753321586742	0.481307084378401	0.0837868534380768
0.478332301538169	0.291180532406305	0.481307084378401	0.420259334626851
