x	xend	y	yend
0.478332301538169	0.73786846992714	0.481307084378401	0.339808811698453
0.478332301538169	0.30260964807848	0.481307084378401	0.502602811035919
0.478332301538169	0.125934568312777	0.481307084378401	0.290592021201079
0.478332301538169	0.543573503500167	0.481307084378401	0.0724291325540675
