x	xend	y	yend
0.478332301538169	0.846445068812801	0.481307084378401	0.543774549240452
0.478332301538169	0.348802323920187	0.481307084378401	0.930883536037102
0.478332301538169	0.205938378018001	0.481307084378401	0.350220055842128
0.478332301538169	0.498333253964475	0.481307084378401	0.451493067057877
