x	xend	y	yend
0.478332301538169	0.882161055288347	0.481307084378401	0.256518858549051
0.478332301538169	0.506428877565598	0.481307084378401	0.518219677251432
0.478332301538169	0.337849421401019	0.481307084378401	0.106975533576262
0.478332301538169	0.270227153673984	0.481307084378401	0.302896218825422
