x	xend	y	yend
0.478332301538169	0.793585408828992	0.481307084378401	0.698996734655246
0.478332301538169	0.369755702652507	0.481307084378401	0.895390658274573
0.478332301538169	0.160698128482309	0.481307084378401	0.543774549240452
0.478332301538169	0.600242868708034	0.481307084378401	0.449126875207042
