x	xend	y	yend
0.478332301538169	0.93597314157817	0.481307084378401	0.473262032085562
0.478332301538169	0.470236677937045	0.481307084378401	0.94082154181061
0.478332301538169	0.347373684461165	0.481307084378401	0.410321328853343
0.478332301538169	0.497857040811467	0.481307084378401	0.392811509157162
