x	xend	y	yend
0.478332301538169	0.293561598171342	0.481307084378401	0.189792248355497
0.478332301538169	0.874541644840231	0.481307084378401	0.510647863328759
0.478332301538169	0.464998333253965	0.481307084378401	0.374355212720647
0.478332301538169	0.666436496976047	0.481307084378401	0.125431830012777
