x	xend	y	yend
0.478332301538169	0.522620124767846	0.481307084378401	0.334603189626615
0.478332301538169	0.929306157436068	0.481307084378401	0.585419525815153
0.478332301538169	0.52023905900281	0.481307084378401	0.72881075197577
0.478332301538169	0.618815181675318	0.481307084378401	0.12022620794094
