x	xend	y	yend
0.478332301538169	0.744535454069241	0.481307084378401	0.215820358714685
0.478332301538169	0.855493118719939	0.481307084378401	0.54898017131229
0.478332301538169	0.584051621505786	0.481307084378401	0.807368321423501
0.478332301538169	0.425948854707367	0.481307084378401	0.274501916615399
