x	xend	y	yend
0.478332301538169	0.890732892042478	0.481307084378401	0.248473806256211
0.478332301538169	0.464998333253965	0.481307084378401	0.519166153991766
0.478332301538169	0.297847516548407	0.481307084378401	0.138209266007288
0.478332301538169	0.324039239963808	0.481307084378401	0.256518858549051
