x	xend	y	yend
0.478332301538169	0.393090147149864	0.481307084378401	0.491245090151909
0.478332301538169	0.913114910233821	0.481307084378401	0.622332118688183
0.478332301538169	0.533573027287014	0.481307084378401	0.645520798826369
0.478332301538169	0.643578265631697	0.481307084378401	0.0605981732998911
