x	xend	y	yend
0.478332301538169	0.735487404162103	0.481307084378401	0.568856182859306
0.478332301538169	0.386423163007762	0.481307084378401	0.884032937390564
0.478332301538169	0.103076336968427	0.481307084378401	0.383346741753821
0.478332301538169	0.584051621505786	0.481307084378401	0.270242771283896
