x	xend	y	yend
0.478332301538169	0.885970760512406	0.481307084378401	0.336022904737116
0.478332301538169	0.4149959521882	0.481307084378401	0.720292461312763
0.478332301538169	0.294514024477356	0.481307084378401	0.100823434764091
0.478332301538169	0.327372732034859	0.481307084378401	0.452912782168378
