x	xend	y	yend
0.478332301538169	0.279275203581123	0.481307084378401	0.150513463631631
0.478332301538169	0.855969331872946	0.481307084378401	0.452912782168378
0.478332301538169	0.44833087289871	0.481307084378401	0.307628602527093
0.478332301538169	0.687389875708367	0.481307084378401	0.192158440206332
