x	xend	y	yend
0.478332301538169	0.88692318681842	0.481307084378401	0.321825753632104
0.478332301538169	0.434520691461498	0.481307084378401	0.69189815910274
0.478332301538169	0.306895566455546	0.481307084378401	0.0913586673607496
0.478332301538169	0.308800419067575	0.481307084378401	0.436349439212531
