x	xend	y	yend
0.478332301538169	0.912638697080814	0.481307084378401	0.463324026312053
0.478332301538169	0.460236201723892	0.481307084378401	0.923784960484596
0.478332301538169	0.286418400876232	0.481307084378401	0.377667881311817
0.478332301538169	0.50785751702462	0.481307084378401	0.350220055842128
