x	xend	y	yend
0.478332301538169	0.706914614981666	0.481307084378401	0.378614358052151
0.478332301538169	0.374994047335587	0.481307084378401	0.768562775069803
0.478332301538169	0.0830753845421211	0.481307084378401	0.281127253797738
0.478332301538169	0.565003095385495	0.481307084378401	0.180327480952156
