x	xend	y	yend
0.478332301538169	0.644530691937711	0.481307084378401	0.194524632057167
0.478332301538169	0.917877041763894	0.481307084378401	0.579740665373148
0.478332301538169	0.532144387827992	0.481307084378401	0.778974019213478
0.478332301538169	0.533096814134006	0.481307084378401	0.273082201504898
