x	xend	y	yend
0.478332301538169	0.78691842468689	0.481307084378401	0.715086839240926
0.478332301538169	0.374994047335587	0.481307084378401	0.883086460650229
0.478332301538169	0.15688842325825	0.481307084378401	0.563650560787469
0.478332301538169	0.611195771227201	0.481307084378401	0.450073351947376
