x	xend	y	yend
0.478332301538169	0.340230487166056	0.481307084378401	0.32892432918461
0.478332301538169	0.903114434020668	0.481307084378401	0.595357531588661
0.478332301538169	0.503095385494547	0.481307084378401	0.523898537693436
0.478332301538169	0.642149626172675	0.481307084378401	0.050186929156216
