x	xend	y	yend
0.478332301538169	0.679294252107243	0.481307084378401	0.36110453835597
0.478332301538169	0.300704795466451	0.481307084378401	0.499763380814916
0.478332301538169	0.0964093528263251	0.481307084378401	0.304315933935923
0.478332301538169	0.573574932139626	0.481307084378401	0.059651696559557
