x	xend	y	yend
0.478332301538169	0.75358350397638	0.481307084378401	0.622332118688183
0.478332301538169	0.38689937616077	0.481307084378401	0.900123041976243
0.478332301538169	0.117838944711653	0.481307084378401	0.432563532251195
0.478332301538169	0.591194818800895	0.481307084378401	0.319932800151436
