x	xend	y	yend
0.478332301538169	0.882637268441354	0.481307084378401	0.362524253466471
0.478332301538169	0.389756655078813	0.481307084378401	0.769509251810137
0.478332301538169	0.276417924663079	0.481307084378401	0.125431830012777
0.478332301538169	0.357374160674318	0.481307084378401	0.468056410013724
