x	xend	y	yend
0.478332301538169	0.72548692794895	0.481307084378401	0.386186171974824
0.478332301538169	0.382613457783704	0.481307084378401	0.783233164544981
0.478332301538169	0.0916472212962522	0.481307084378401	0.28396668401874
0.478332301538169	0.560240963855422	0.481307084378401	0.189792248355497
