x	xend	y	yend
0.478332301538169	0.779299014238773	0.481307084378401	0.407481898632341
0.478332301538169	0.404043049669032	0.481307084378401	0.823458426009181
0.478332301538169	0.123077289394733	0.481307084378401	0.296744120013251
0.478332301538169	0.546906995571218	0.481307084378401	0.221972457526856
