x	xend	y	yend
0.478332301538169	0.411662460117148	0.481307084378401	0.247527329515877
0.478332301538169	0.559288537549407	0.481307084378401	0.582580095594151
0.478332301538169	0.0921234344492595	0.481307084378401	0.303842695565756
0.478332301538169	0.736916043621125	0.481307084378401	0.124012114902276
