x	xend	y	yend
0.478332301538169	0.759298061812467	0.481307084378401	0.63889546164403
0.478332301538169	0.386423163007762	0.481307084378401	0.902489233827079
0.478332301538169	0.123077289394733	0.481307084378401	0.450073351947376
0.478332301538169	0.593575884565932	0.481307084378401	0.337442619847617
