x	xend	y	yend
0.478332301538169	0.839778084670699	0.481307084378401	0.276394870096067
0.478332301538169	0.362612505357398	0.481307084378401	0.515853485400596
0.478332301538169	0.191175770274775	0.481307084378401	0.228124556339028
0.478332301538169	0.462617267488928	0.481307084378401	0.140102219487956
