x	xend	y	yend
0.478332301538169	0.824539263774466	0.481307084378401	0.614287066395343
0.478332301538169	0.352612029144245	0.481307084378401	0.932303251147603
0.478332301538169	0.183556359826658	0.481307084378401	0.437769154323032
0.478332301538169	0.544525929806181	0.481307084378401	0.448653636836875
