x	xend	y	yend
0.478332301538169	0.633101576265537	0.481307084378401	0.206828829681511
0.478332301538169	0.920734320681937	0.481307084378401	0.578320950262647
0.478332301538169	0.528810895756941	0.481307084378401	0.776134588992475
0.478332301538169	0.545002142959189	0.481307084378401	0.252732951587715
