x	xend	y	yend
0.478332301538169	0.879303776370303	0.481307084378401	0.399910084709668
0.478332301538169	0.373089194723558	0.481307084378401	0.829137286451185
0.478332301538169	0.259750464307824	0.481307084378401	0.171809190289149
0.478332301538169	0.39213772084385	0.481307084378401	0.46379726468222
