x	xend	y	yend
0.478332301538169	0.7026286966046	0.481307084378401	0.468529648383891
0.478332301538169	0.377375113100624	0.481307084378401	0.827244332970517
0.478332301538169	0.0825991713891138	0.481307084378401	0.317093369930434
0.478332301538169	0.57643221105767	0.481307084378401	0.203516161090341
