x	xend	y	yend
0.478332301538169	0.830253821610553	0.481307084378401	0.596777246699162
0.478332301538169	0.350707176532216	0.481307084378401	0.934669442998438
0.478332301538169	0.189270917662746	0.481307084378401	0.416000189295348
0.478332301538169	0.533096814134006	0.481307084378401	0.449126875207042
