x	xend	y	yend
0.478332301538169	0.747868946140293	0.481307084378401	0.605295537362169
0.478332301538169	0.387375589313777	0.481307084378401	0.896337135014907
0.478332301538169	0.112600600028573	0.481307084378401	0.415526950925181
0.478332301538169	0.588813753035859	0.481307084378401	0.302896218825422
