x	xend	y	yend
0.478332301538169	0.326420305728844	0.481307084378401	0.288225829350244
0.478332301538169	0.89739987618458	0.481307084378401	0.578794188632814
0.478332301538169	0.493571122434402	0.481307084378401	0.486039468080072
0.478332301538169	0.645483118243726	0.481307084378401	0.0605981732998911
