x	xend	y	yend
0.478332301538169	0.862636316015049	0.481307084378401	0.262670957361223
0.478332301538169	0.386423163007762	0.481307084378401	0.518219677251432
0.478332301538169	0.216891280537168	0.481307084378401	0.205409114571009
0.478332301538169	0.429758559931425	0.481307084378401	0.167076806587478
