x	xend	y	yend
0.478332301538169	0.322134387351779	0.481307084378401	0.18931900998533
0.478332301538169	0.742154388304205	0.481307084378401	0.512540816809427
0.478332301538169	0.253083480165722	0.481307084378401	0.305262410676258
0.478332301538169	0.764536406495547	0.481307084378401	0.154772608963135
