x	xend	y	yend
0.478332301538169	0.276417924663079	0.481307084378401	0.14436136481946
0.478332301538169	0.850730987189866	0.481307084378401	0.437295915952865
0.478332301538169	0.444997380827658	0.481307084378401	0.292484974681747
0.478332301538169	0.693104433544455	0.481307084378401	0.211561213383181
