x	xend	y	yend
0.478332301538169	0.285465974570218	0.481307084378401	0.167076806587478
0.478332301538169	0.865493594933092	0.481307084378401	0.482726799488902
0.478332301538169	0.456426496499833	0.481307084378401	0.339808811698453
0.478332301538169	0.675960760036192	0.481307084378401	0.156665562443803
