x	xend	y	yend
0.478332301538169	0.287370827182247	0.481307084378401	0.15713880081397
0.478332301538169	0.827396542692509	0.481307084378401	0.457645165870049
0.478332301538169	0.385470736701748	0.481307084378401	0.296270881643084
0.478332301538169	0.723105862183914	0.481307084378401	0.191211963465998
