x	xend	y	yend
0.478332301538169	0.867398447545121	0.481307084378401	0.27923430031707
0.478332301538169	0.526906043144912	0.481307084378401	0.550399886422791
0.478332301538169	0.363564931663413	0.481307084378401	0.0757418011452369
0.478332301538169	0.234034954045431	0.481307084378401	0.363943968576972
