x	xend	y	yend
0.478332301538169	0.826444116386495	0.481307084378401	0.284439922388907
0.478332301538169	0.351183389685223	0.481307084378401	0.514433770290095
0.478332301538169	0.178794228296586	0.481307084378401	0.23900903885287
0.478332301538169	0.477856088385161	0.481307084378401	0.126851545123279
