x	xend	y	yend
0.478332301538169	0.346897471308158	0.481307084378401	0.208721783162179
0.478332301538169	0.678818038954236	0.481307084378401	0.547087217831622
0.478332301538169	0.186889851897709	0.481307084378401	0.309994794377928
0.478332301538169	0.768822324872613	0.481307084378401	0.140575457858123
