x	xend	y	yend
0.478332301538169	0.308324205914567	0.481307084378401	0.233803416781033
0.478332301538169	0.88692318681842	0.481307084378401	0.548033694571956
0.478332301538169	0.478808514691176	0.481307084378401	0.429250863660026
0.478332301538169	0.654054954997857	0.481307084378401	0.0870995220292461
