x	xend	y	yend
0.478332301538169	0.621196247440354	0.481307084378401	0.220079504046188
0.478332301538169	0.923115386446974	0.481307084378401	0.577374473522313
0.478332301538169	0.526429829991904	0.481307084378401	0.772348682031139
0.478332301538169	0.556431258631363	0.481307084378401	0.232856940040698
