x	xend	y	yend
0.478332301538169	0.954545454545455	0.481307084378401	0.481307084378401
0.478332301538169	0.478332301538169	0.481307084378401	0.954545454545455
0.478332301538169	0.478332301538169	0.481307084378401	0.481307084378401
0.478332301538169	0.478332301538169	0.481307084378401	0.481307084378401
