x	xend	y	yend
0.478332301538169	0.886446973665413	0.481307084378401	0.315200416449766
0.478332301538169	0.444521167674651	0.481307084378401	0.677227769627561
0.478332301538169	0.313562550597648	0.481307084378401	0.0875727603994132
0.478332301538169	0.299752369160436	0.481307084378401	0.428304386919691
