x	xend	y	yend
0.478332301538169	0.868350873851136	0.481307084378401	0.459538119350717
0.478332301538169	0.357374160674318	0.481307084378401	0.890185036202735
0.478332301538169	0.236416019810467	0.481307084378401	0.245161137665042
0.478332301538169	0.439282822991571	0.481307084378401	0.457645165870049
