x	xend	y	yend
0.478332301538169	0.709295680746702	0.481307084378401	0.489352136671241
0.478332301538169	0.37975617886566	0.481307084378401	0.841441484075529
0.478332301538169	0.0859326634601648	0.481307084378401	0.328451090814443
0.478332301538169	0.577384637363684	0.481307084378401	0.21487388197435
