x	xend	y	yend
0.478332301538169	0.354516881756274	0.481307084378401	0.372935497610146
0.478332301538169	0.907400352397733	0.481307084378401	0.608134967583172
0.478332301538169	0.512619648554693	0.481307084378401	0.560811130566466
0.478332301538169	0.640244773560646	0.481307084378401	0.0454545454545454
