x	xend	y	yend
0.478332301538169	0.647387970855755	0.481307084378401	0.347380625621125
0.478332301538169	0.330230010952903	0.481307084378401	0.509228148218257
0.478332301538169	0.0749797609409972	0.481307084378401	0.296270881643084
0.478332301538169	0.594052097718939	0.481307084378401	0.0676967488523969
