x	xend	y	yend
0.478332301538169	0.818348492785371	0.481307084378401	0.631796886091524
0.478332301538169	0.354993094909281	0.481307084378401	0.928044105816099
0.478332301538169	0.178794228296586	0.481307084378401	0.459538119350717
0.478332301538169	0.555955045478356	0.481307084378401	0.448180398466708
