x	xend	y	yend
0.478332301538169	0.675008333730178	0.481307084378401	0.384766456864323
0.478332301538169	0.364517357969427	0.481307084378401	0.758624769296295
0.478332301538169	0.0711700557169389	0.481307084378401	0.283020207278406
0.478332301538169	0.57452735844564	0.481307084378401	0.167550044957645
