x	xend	y	yend
0.478332301538169	0.867874660698128	0.481307084378401	0.26787657943306
0.478332301538169	0.534049240440021	0.481307084378401	0.517746438881264
0.478332301538169	0.363564931663413	0.481307084378401	0.0875727603994132
0.478332301538169	0.23593980665746	0.481307084378401	0.333183474516114
