x	xend	y	yend
0.478332301538169	0.474998809467118	0.481307084378401	0.391865032416828
0.478332301538169	0.925972665365017	0.481307084378401	0.595830769958828
0.478332301538169	0.523096337920854	0.481307084378401	0.701362926506081
0.478332301538169	0.634530215724558	0.481307084378401	0.0880459987695802
