x	xend	y	yend
0.478332301538169	0.528334682603934	0.481307084378401	0.296744120013251
0.478332301538169	0.444044954521644	0.481307084378401	0.545667502721121
0.478332301538169	0.0459307586075528	0.481307084378401	0.285859637499408
0.478332301538169	0.668817562741083	0.481307084378401	0.0970375278027542
