x	xend	y	yend
0.478332301538169	0.875970284299252	0.481307084378401	0.261724480620889
0.478332301538169	0.52023905900281	0.481307084378401	0.518219677251432
0.478332301538169	0.350707176532216	0.481307084378401	0.0970375278027542
0.478332301538169	0.252607267012715	0.481307084378401	0.318039846670768
