x	xend	y	yend
0.478332301538169	0.799776179818087	0.481307084378401	0.682906630069566
0.478332301538169	0.365469784275442	0.481307084378401	0.906275140788415
0.478332301538169	0.164984046859374	0.481307084378401	0.523425299323269
0.478332301538169	0.589289966188866	0.481307084378401	0.448653636836875
