x	xend	y	yend
0.478332301538169	0.327848945187866	0.481307084378401	0.194051393687
0.478332301538169	0.727391780560979	0.481307084378401	0.521059107472434
0.478332301538169	0.23593980665746	0.481307084378401	0.306682125786759
0.478332301538169	0.766917472260584	0.481307084378401	0.150513463631631
