x	xend	y	yend
0.478332301538169	0.608814705462165	0.481307084378401	0.2342766551512
0.478332301538169	0.92549645221201	0.481307084378401	0.576901235152146
0.478332301538169	0.524048764226868	0.481307084378401	0.768089536699636
0.478332301538169	0.566907947997524	0.481307084378401	0.213927405234016
