x	xend	y	yend
0.478332301538169	0.695485499309491	0.481307084378401	0.447707160096541
0.478332301538169	0.37451783418258	0.481307084378401	0.811627466755004
0.478332301538169	0.0792656793180628	0.481307084378401	0.307155364156926
0.478332301538169	0.575479784751655	0.481307084378401	0.193104916946666
