x	xend	y	yend
0.478332301538169	0.506905090718606	0.481307084378401	0.353532724433297
0.478332301538169	0.928353731130054	0.481307084378401	0.588258956036155
0.478332301538169	0.520715272155817	0.481307084378401	0.720292461312763
0.478332301538169	0.625005952664413	0.481307084378401	0.108395248686764
