x	xend	y	yend
0.478332301538169	0.729296633173008	0.481307084378401	0.549926648052624
0.478332301538169	0.385470736701748	0.481307084378401	0.875514646727557
0.478332301538169	0.0983142054383542	0.481307084378401	0.368203113908476
0.478332301538169	0.582146768893757	0.481307084378401	0.25509914343855
