x	xend	y	yend
0.478332301538169	0.663579218058003	0.481307084378401	0.354479201173631
0.478332301538169	0.315467403209677	0.481307084378401	0.504495764516587
0.478332301538169	0.0849802371541502	0.481307084378401	0.30005678860442
0.478332301538169	0.583575408352779	0.481307084378401	0.0639108418910605
