x	xend	y	yend
0.478332301538169	0.310705271679604	0.481307084378401	0.179854242581989
0.478332301538169	0.770250964331635	0.481307084378401	0.49597747385358
0.478332301538169	0.289275679794276	0.481307084378401	0.302896218825422
0.478332301538169	0.756916996047431	0.481307084378401	0.163764137996309
