x	xend	y	yend
0.478332301538169	0.945973617791323	0.481307084378401	0.477521177417065
0.478332301538169	0.47452259631411	0.481307084378401	0.948393355733283
0.478332301538169	0.390232868231821	0.481307084378401	0.433510008991529
0.478332301538169	0.491190056669365	0.481307084378401	0.42215228810752
