x	xend	y	yend
0.478332301538169	0.882161055288347	0.481307084378401	0.374355212720647
0.478332301538169	0.384042097242726	0.481307084378401	0.790804978467654
0.478332301538169	0.271179579979999	0.481307084378401	0.139628981117789
0.478332301538169	0.3692794894995	0.481307084378401	0.466636694903223
