x	xend	y	yend
0.478332301538169	0.688818515167389	0.481307084378401	0.42688467180919
0.478332301538169	0.371660555264536	0.481307084378401	0.795064123799158
0.478332301538169	0.0764084004000191	0.481307084378401	0.297690596753585
0.478332301538169	0.575003571598648	0.481307084378401	0.183166911173158
