x	xend	y	yend
0.478332301538169	0.886446973665413	0.481307084378401	0.252732951587715
0.478332301538169	0.492618696128387	0.481307084378401	0.518692915621599
0.478332301538169	0.324991666269822	0.481307084378401	0.11691353934977
0.478332301538169	0.287847040335254	0.481307084378401	0.28727935260991
