x	xend	y	yend
0.478332301538169	0.476903662079147	0.481307084378401	0.274975154985566
0.478332301538169	0.494523548740416	0.481307084378401	0.5617576073068
0.478332301538169	0.0568836611267204	0.481307084378401	0.290118782830912
0.478332301538169	0.699295204533549	0.481307084378401	0.109341725427098
