x	xend	y	yend
0.478332301538169	0.811205295490262	0.481307084378401	0.293904689792248
0.478332301538169	0.340706700319063	0.481307084378401	0.513014055179594
0.478332301538169	0.167365112624411	0.481307084378401	0.249893521366712
0.478332301538169	0.492618696128387	0.481307084378401	0.115020585869102
