x	xend	y	yend
0.478332301538169	0.715962664888804	0.481307084378401	0.510174624958592
0.478332301538169	0.382137244630697	0.481307084378401	0.854218920070039
0.478332301538169	0.0897423686842231	0.481307084378401	0.340755288438787
0.478332301538169	0.578813276822706	0.481307084378401	0.227651317968861
