x	xend	y	yend
0.478332301538169	0.954069241392447	0.481307084378401	0.481307084378401
0.478332301538169	0.478332301538169	0.481307084378401	0.954072216175287
0.478332301538169	0.455950283346826	0.481307084378401	0.469476125124225
0.478332301538169	0.48166579360922	0.481307084378401	0.466636694903223
