x	xend	y	yend
0.478332301538169	0.67453212057717	0.481307084378401	0.163764137996309
0.478332301538169	0.906924139244726	0.481307084378401	0.586366002555487
0.478332301538169	0.543573503500167	0.481307084378401	0.783706402915148
0.478332301538169	0.495475975046431	0.481307084378401	0.337915858217784
