x	xend	y	yend
0.478332301538169	0.741678175151198	0.481307084378401	0.587312479295821
0.478332301538169	0.38689937616077	0.481307084378401	0.891131512943069
0.478332301538169	0.1078384684985	0.481307084378401	0.398963607969334
0.478332301538169	0.586432687270823	0.481307084378401	0.286332875869576
