x	xend	y	yend
0.478332301538169	0.295942663936378	0.481307084378401	0.166130329847144
0.478332301538169	0.806919377113196	0.481307084378401	0.472788793715394
0.478332301538169	0.34642125815515	0.481307084378401	0.298637073493919
0.478332301538169	0.739297109386161	0.481307084378401	0.179381004211821
