x	xend	y	yend
0.478332301538169	0.340230487166056	0.481307084378401	0.203989399460508
0.478332301538169	0.695485499309491	0.481307084378401	0.538568927168615
0.478332301538169	0.20260488594695	0.481307084378401	0.309048317637594
0.478332301538169	0.76929853802562	0.481307084378401	0.143888126449293
