x	xend	y	yend
0.478332301538169	0.921210533834945	0.481307084378401	0.466636694903223
0.478332301538169	0.463569693794943	0.481307084378401	0.929937059296768
0.478332301538169	0.306419353302538	0.481307084378401	0.388079125455492
0.478332301538169	0.504524024953569	0.481307084378401	0.363943968576972
