x	xend	y	yend
0.478332301538169	0.892637744654507	0.481307084378401	0.454332497278879
0.478332301538169	0.451188151816753	0.481307084378401	0.90864133263925
0.478332301538169	0.247845135482642	0.481307084378401	0.3577918697648
0.478332301538169	0.51500071431973	0.481307084378401	0.322298992002271
