x	xend	y	yend
0.478332301538169	0.655483594456879	0.481307084378401	0.183166911173158
0.478332301538169	0.914543549692843	0.481307084378401	0.58116038048365
0.478332301538169	0.535477879899043	0.481307084378401	0.781340211064313
0.478332301538169	0.521191485308824	0.481307084378401	0.293904689792248
