x	xend	y	yend
0.478332301538169	0.795014048288014	0.481307084378401	0.304315933935923
0.478332301538169	0.330230010952903	0.481307084378401	0.510647863328759
0.478332301538169	0.155935996952236	0.481307084378401	0.260304765510388
0.478332301538169	0.506905090718606	0.481307084378401	0.103189626614926
