x	xend	y	yend
0.478332301538169	0.764536406495547	0.481307084378401	0.654039089489376
0.478332301538169	0.385470736701748	0.481307084378401	0.903435710567413
0.478332301538169	0.128315634077813	0.481307084378401	0.468529648383891
0.478332301538169	0.596433163483975	0.481307084378401	0.355425677913965
