x	xend	y	yend
0.478332301538169	0.360707652745369	0.481307084378401	0.219133027305854
0.478332301538169	0.644054478784704	0.481307084378401	0.56507027589797
0.478332301538169	0.157364636411258	0.481307084378401	0.311887747858596
0.478332301538169	0.765488832801562	0.481307084378401	0.135843074156453
