x	xend	y	yend
0.478332301538169	0.289275679794276	0.481307084378401	0.17796128910132
0.478332301538169	0.870255726463165	0.481307084378401	0.496923950593914
0.478332301538169	0.460712414876899	0.481307084378401	0.356845393024466
0.478332301538169	0.671198628506119	0.481307084378401	0.140575457858123
