x	xend	y	yend
0.478332301538169	0.425948854707367	0.481307084378401	0.451493067057877
0.478332301538169	0.919305681222915	0.481307084378401	0.610501159434007
0.478332301538169	0.528810895756941	0.481307084378401	0.669182717334721
0.478332301538169	0.642625839325682	0.481307084378401	0.0676967488523969
