x	xend	y	yend
0.478332301538169	0.38499452354874	0.481307084378401	0.46710993327339
0.478332301538169	0.912638697080814	0.481307084378401	0.621385641947849
0.478332301538169	0.529763322062956	0.481307084378401	0.629903932610856
0.478332301538169	0.642149626172675	0.481307084378401	0.0544460744877195
