x	xend	y	yend
0.478332301538169	0.716438878041812	0.481307084378401	0.194997870427334
0.478332301538169	0.879779989523311	0.481307084378401	0.566489991008471
0.478332301538169	0.570241440068575	0.481307084378401	0.799796507500828
0.478332301538169	0.452616791275775	0.481307084378401	0.299110311864086
