x	xend	y	yend
0.478332301538169	0.283561121958189	0.481307084378401	0.152879655482467
0.478332301538169	0.83596837944664	0.481307084378401	0.45101982868771
0.478332301538169	0.404995475975046	0.481307084378401	0.294851166532582
0.478332301538169	0.714057812276775	0.481307084378401	0.197837300648337
