x	xend	y	yend
0.478332301538169	0.860255250250012	0.481307084378401	0.492191566892244
0.478332301538169	0.352135815991238	0.481307084378401	0.911480762860253
0.478332301538169	0.224034477832278	0.481307084378401	0.285859637499408
0.478332301538169	0.463093480641935	0.481307084378401	0.454805735649046
