x	xend	y	yend
0.478332301538169	0.851683413495881	0.481307084378401	0.526264729544271
0.478332301538169	0.349278537073194	0.481307084378401	0.926151152335431
0.478332301538169	0.212129149007096	0.481307084378401	0.328451090814443
0.478332301538169	0.486427925139292	0.481307084378401	0.452439543798211
