x	xend	y	yend
0.478332301538169	0.377375113100624	0.481307084378401	0.44297477639487
0.478332301538169	0.911686270774799	0.481307084378401	0.619492688467181
0.478332301538169	0.52547740368589	0.481307084378401	0.613340589655009
0.478332301538169	0.640720986713653	0.481307084378401	0.050186929156216
