x	xend	y	yend
0.478332301538169	0.889780465736464	0.481307084378401	0.249893521366712
0.478332301538169	0.478808514691176	0.481307084378401	0.519166153991766
0.478332301538169	0.311657697985618	0.481307084378401	0.127798021863613
0.478332301538169	0.305943140149531	0.481307084378401	0.271662486394397
