x	xend	y	yend
0.478332301538169	0.783108719462832	0.481307084378401	0.705148833467418
0.478332301538169	0.377851326253631	0.481307084378401	0.890185036202735
0.478332301538169	0.151173865422163	0.481307084378401	0.544247787610619
0.478332301538169	0.608338492309158	0.481307084378401	0.430670578770527
