x	xend	y	yend
0.478332301538169	0.668341349588076	0.481307084378401	0.363943968576972
0.478332301538169	0.360231439592362	0.481307084378401	0.738748757749278
0.478332301538169	0.0692652031049098	0.481307084378401	0.277341346836401
0.478332301538169	0.575003571598648	0.481307084378401	0.161397946145473
