x	xend	y	yend
0.478332301538169	0.744059240916234	0.481307084378401	0.39328474752733
0.478332301538169	0.389756655078813	0.481307084378401	0.796957077279826
0.478332301538169	0.101171484356398	0.481307084378401	0.28727935260991
0.478332301538169	0.555955045478356	0.481307084378401	0.200203492499172
