x	xend	y	yend
0.478332301538169	0.883113481594362	0.481307084378401	0.298163835123752
0.478332301538169	0.474998809467118	0.481307084378401	0.631323647721357
0.478332301538169	0.332611076717939	0.481307084378401	0.0790544697364062
0.478332301538169	0.274036858898043	0.481307084378401	0.403695991671005
