x	xend	y	yend
0.478332301538169	0.443568741368637	0.481307084378401	0.261251242250722
0.478332301538169	0.527382256297919	0.481307084378401	0.572168851450476
0.478332301538169	0.0716462688699462	0.481307084378401	0.295797643272917
0.478332301538169	0.718819943806848	0.481307084378401	0.11691353934977
