x	xend	y	yend
0.478332301538169	0.863112529168056	0.481307084378401	0.276868108466234
0.478332301538169	0.537382732511072	0.481307084378401	0.533836543466944
0.478332301538169	0.369755702652507	0.481307084378401	0.076688277885571
0.478332301538169	0.226415543597314	0.481307084378401	0.355898916284132
