x	xend	y	yend
0.478332301538169	0.774536882708701	0.481307084378401	0.681960153329232
0.478332301538169	0.382613457783704	0.481307084378401	0.900123041976243
0.478332301538169	0.139744749749988	0.481307084378401	0.505915479627088
0.478332301538169	0.602147721320063	0.481307084378401	0.392811509157162
