x	xend	y	yend
0.478332301538169	0.32022953473975	0.481307084378401	0.268823056173394
0.478332301538169	0.894066384113529	0.481307084378401	0.569329421229473
0.478332301538169	0.488808990904329	0.481307084378401	0.46710993327339
0.478332301538169	0.647864184008762	0.481307084378401	0.068169987222564
