x	xend	y	yend
0.478332301538169	0.682151531025287	0.481307084378401	0.405588945151673
0.478332301538169	0.367850850040478	0.481307084378401	0.777554304102977
0.478332301538169	0.0735511214819754	0.481307084378401	0.289645544460745
0.478332301538169	0.57452735844564	0.481307084378401	0.175121858880318
