x	xend	y	yend
0.478332301538169	0.614529263298252	0.481307084378401	0.333183474516114
0.478332301538169	0.361660079051383	0.481307084378401	0.519166153991766
0.478332301538169	0.0587885137387495	0.481307084378401	0.290592021201079
0.478332301538169	0.615481689604267	0.481307084378401	0.0762150395154039
