x	xend	y	yend
0.478332301538169	0.382137244630697	0.481307084378401	0.234749893521367
0.478332301538169	0.589766179341873	0.481307084378401	0.592044862997492
0.478332301538169	0.11831515786466	0.481307084378401	0.313780701339265
0.478332301538169	0.753107290823373	0.481307084378401	0.130637452084615
