x	xend	y	yend
0.478332301538169	0.874541644840231	0.481307084378401	0.428777625289858
0.478332301538169	0.36404114481642	0.481307084378401	0.862737210733046
0.478332301538169	0.248321348635649	0.481307084378401	0.206828829681511
0.478332301538169	0.415948378494214	0.481307084378401	0.460484596091051
