x	xend	y	yend
0.478332301538169	0.333087289870946	0.481307084378401	0.30810184089726
0.478332301538169	0.900257155102624	0.481307084378401	0.587785717665988
0.478332301538169	0.498333253964475	0.481307084378401	0.504969002886754
0.478332301538169	0.643578265631697	0.481307084378401	0.0544460744877195
