x	xend	y	yend
0.478332301538169	0.563098242773465	0.481307084378401	0.311414509488429
0.478332301538169	0.410710033811134	0.481307084378401	0.534783020207278
0.478332301538169	0.04640697176056	0.481307084378401	0.285859637499408
0.478332301538169	0.647387970855755	0.481307084378401	0.0889924755099144
