x	xend	y	yend
0.478332301538169	0.880732415829325	0.481307084378401	0.386659410344991
0.478332301538169	0.378327539406638	0.481307084378401	0.81068099001467
0.478332301538169	0.265465022143912	0.481307084378401	0.155245847333302
0.478332301538169	0.380708605171675	0.481307084378401	0.465216979792722
