x	xend	y	yend
0.478332301538169	0.334039716176961	0.481307084378401	0.198783777388671
0.478332301538169	0.711676746511739	0.481307084378401	0.529577398135441
0.478332301538169	0.218796133149198	0.481307084378401	0.307628602527093
0.478332301538169	0.768346111719606	0.481307084378401	0.147200795040462
