x	xend	y	yend
0.478332301538169	0.812157721796276	0.481307084378401	0.648833467417538
0.478332301538169	0.357850373827325	0.481307084378401	0.922365245374095
0.478332301538169	0.173555883613505	0.481307084378401	0.481307084378401
0.478332301538169	0.567384161150531	0.481307084378401	0.448180398466708
