x	xend	y	yend
0.478332301538169	0.769774751178628	0.481307084378401	0.668709478964554
0.478332301538169	0.384518310395733	0.481307084378401	0.902489233827079
0.478332301538169	0.134030191913901	0.481307084378401	0.486985944820406
0.478332301538169	0.599290442402019	0.481307084378401	0.37388197435048
