x	xend	y	yend
0.478332301538169	0.778822801085766	0.481307084378401	0.694264350953575
0.478332301538169	0.380232392018668	0.481307084378401	0.89586389664474
0.478332301538169	0.145459307586076	0.481307084378401	0.52484501443377
0.478332301538169	0.605005000238107	0.481307084378401	0.411741043963845
