x	xend	y	yend
0.478332301538169	0.941687699414258	0.481307084378401	0.475628223936397
0.478332301538169	0.472617743702081	0.481307084378401	0.945080687142113
0.478332301538169	0.368803276346493	0.481307084378401	0.421679049737353
0.478332301538169	0.494523548740416	0.481307084378401	0.407481898632341
