x	xend	y	yend
0.478332301538169	0.785013572074861	0.481307084378401	0.246107614405376
0.478332301538169	0.810729082337254	0.481307084378401	0.515853485400596
0.478332301538169	0.59738558978999	0.481307084378401	0.812573943495339
0.478332301538169	0.389756655078813	0.481307084378401	0.241375230703705
