x	xend	y	yend
0.478332301538169	0.888351826277442	0.481307084378401	0.248473806256211
0.478332301538169	0.437854183532549	0.481307084378401	0.519639392361933
0.478332301538169	0.270703366826992	0.481307084378401	0.160451469405139
0.478332301538169	0.359755226439354	0.481307084378401	0.225758364488193
