x	xend	y	yend
0.478332301538169	0.369755702652507	0.481307084378401	0.419312857886517
0.478332301538169	0.910733844468784	0.481307084378401	0.616653258246179
0.478332301538169	0.521191485308824	0.481307084378401	0.596304008328995
0.478332301538169	0.640244773560646	0.481307084378401	0.0468742605650466
