x	xend	y	yend
0.478332301538169	0.722629649030906	0.481307084378401	0.530050636505608
0.478332301538169	0.384042097242726	0.481307084378401	0.865576640954049
0.478332301538169	0.0940282870612886	0.481307084378401	0.354005962803464
0.478332301538169	0.580241916281728	0.481307084378401	0.240901992333538
