x	xend	y	yend
0.478332301538169	0.687866088861374	0.481307084378401	0.371515782499645
0.478332301538169	0.367850850040478	0.481307084378401	0.753892385594624
0.478332301538169	0.0754559740940045	0.481307084378401	0.278761061946903
0.478332301538169	0.569765226915567	0.481307084378401	0.170389475178647
