x	xend	y	yend
0.478332301538169	0.510714795942664	0.481307084378401	0.289645544460745
0.478332301538169	0.460712414876899	0.481307084378401	0.550873124792958
0.478332301538169	0.0483118243725892	0.481307084378401	0.286806114239743
0.478332301538169	0.679294252107243	0.481307084378401	0.101296673134258
