x	xend	y	yend
0.478332301538169	0.884542121053384	0.481307084378401	0.303369457195589
0.478332301538169	0.464522120100957	0.481307084378401	0.64694051393687
0.478332301538169	0.325944092575837	0.481307084378401	0.0809474232170744
0.478332301538169	0.282608695652174	0.481307084378401	0.411741043963845
