x	xend	y	yend
0.478332301538169	0.427377494166389	0.481307084378401	0.254152666698216
0.478332301538169	0.543573503500167	0.481307084378401	0.577374473522313
0.478332301538169	0.081170531930092	0.481307084378401	0.299583550234253
0.478332301538169	0.727867993713986	0.481307084378401	0.120699446311107
