x	xend	y	yend
0.478332301538169	0.716915091194819	0.481307084378401	0.353532724433297
0.478332301538169	0.294514024477356	0.481307084378401	0.499290142444749
0.478332301538169	0.117362731558646	0.481307084378401	0.30005678860442
0.478332301538169	0.554050192866327	0.481307084378401	0.0634376035208935
