x	xend	y	yend
0.478332301538169	0.883113481594362	0.481307084378401	0.351639770952629
0.478332301538169	0.396423639220915	0.481307084378401	0.747267048412285
0.478332301538169	0.281656269346159	0.481307084378401	0.1121811556481
0.478332301538169	0.345945045002143	0.481307084378401	0.469002886754058
