x	xend	y	yend
0.478332301538169	0.59738558978999	0.481307084378401	0.326084898963608
0.478332301538169	0.377375113100624	0.481307084378401	0.524371776063603
0.478332301538169	0.0535501690556693	0.481307084378401	0.288225829350244
0.478332301538169	0.625958378970427	0.481307084378401	0.0804741848469074
