x	xend	y	yend
0.478332301538169	0.665007857517025	0.481307084378401	0.172755667029483
0.478332301538169	0.911210057621792	0.481307084378401	0.583526572334485
0.478332301538169	0.539287585123101	0.481307084378401	0.782759926174814
0.478332301538169	0.508333730177628	0.481307084378401	0.315673654819933
