x	xend	y	yend
0.478332301538169	0.300704795466451	0.481307084378401	0.170389475178647
0.478332301538169	0.795490261441021	0.481307084378401	0.480360607638067
0.478332301538169	0.326896518881852	0.481307084378401	0.30005678860442
0.478332301538169	0.745964093528263	0.481307084378401	0.173702143769817
