x	xend	y	yend
0.478332301538169	0.27975141673413	0.481307084378401	0.148620510150963
0.478332301538169	0.844064003047764	0.481307084378401	0.443921253135204
0.478332301538169	0.424996428401352	0.481307084378401	0.293904689792248
0.478332301538169	0.704057336063622	0.481307084378401	0.204462637830675
