x	xend	y	yend
0.478332301538169	0.758345635506453	0.481307084378401	0.225758364488193
0.478332301538169	0.841682937282728	0.481307084378401	0.538568927168615
0.478332301538169	0.589289966188866	0.481307084378401	0.809734513274336
0.478332301538169	0.41309109957617	0.481307084378401	0.26314419573139
