x	xend	y	yend
0.478332301538169	0.730249059479023	0.481307084378401	0.205409114571009
0.478332301538169	0.867874660698128	0.481307084378401	0.557971700345464
0.478332301538169	0.577384637363684	0.481307084378401	0.804055652832332
0.478332301538169	0.438806609838564	0.481307084378401	0.286806114239743
