x	xend	y	yend
0.478332301538169	0.876922710605267	0.481307084378401	0.41410723581468
0.478332301538169	0.368327063193485	0.481307084378401	0.846647106147366
0.478332301538169	0.254035906471737	0.481307084378401	0.188845771615163
0.478332301538169	0.404043049669032	0.481307084378401	0.461904311201552
