x	xend	y	yend
0.478332301538169	0.409281394352112	0.481307084378401	0.471369078604893
0.478332301538169	0.916448402304872	0.481307084378401	0.616180019876011
0.478332301538169	0.531191961521977	0.481307084378401	0.657351758080545
0.478332301538169	0.643578265631697	0.481307084378401	0.0634376035208935
