x	xend	y	yend
0.478332301538169	0.303085861231487	0.481307084378401	0.217713312195353
0.478332301538169	0.883113481594362	0.481307084378401	0.53620273531778
0.478332301538169	0.474046383161103	0.481307084378401	0.41079456722351
0.478332301538169	0.657864660221915	0.481307084378401	0.0984572429132554
