x	xend	y	yend
0.478332301538169	0.297847516548407	0.481307084378401	0.203042922720174
0.478332301538169	0.878827563217296	0.481307084378401	0.523425299323269
0.478332301538169	0.469760464784037	0.481307084378401	0.392338270786995
0.478332301538169	0.661674365445974	0.481307084378401	0.111234678907766
