x	xend	y	yend
0.478332301538169	0.875017857993238	0.481307084378401	0.285386399129241
0.478332301538169	0.505952664412591	0.481307084378401	0.583526572334485
0.478332301538169	0.351183389685223	0.481307084378401	0.0752685627750698
0.478332301538169	0.249273774941664	0.481307084378401	0.379560834792485
