x	xend	y	yend
0.478332301538169	0.841206724129721	0.481307084378401	0.561284368936633
0.478332301538169	0.348802323920187	0.481307084378401	0.933722966258104
0.478332301538169	0.200223820181913	0.481307084378401	0.371989020869812
0.478332301538169	0.509762369636649	0.481307084378401	0.450546590317543
