x	xend	y	yend
0.478332301538169	0.282132482499167	0.481307084378401	0.158085277554304
0.478332301538169	0.860731463403019	0.481307084378401	0.468056410013724
0.478332301538169	0.452140578122768	0.481307084378401	0.323718707112773
0.478332301538169	0.68167531787228	0.481307084378401	0.174175382139984
