x	xend	y	yend
0.478332301538169	0.316419829515691	0.481307084378401	0.184586626283659
0.478332301538169	0.756916996047431	0.481307084378401	0.504495764516587
0.478332301538169	0.271179579979999	0.481307084378401	0.303842695565756
0.478332301538169	0.761202914424497	0.481307084378401	0.159031754294638
