x	xend	y	yend
0.478332301538169	0.580241916281728	0.481307084378401	0.318986323411102
0.478332301538169	0.394042573455879	0.481307084378401	0.529577398135441
0.478332301538169	0.0492642506786038	0.481307084378401	0.286806114239743
0.478332301538169	0.636911281489595	0.481307084378401	0.0847333301784109
