x	xend	y	yend
0.478332301538169	0.314038763750655	0.481307084378401	0.250839998107046
0.478332301538169	0.890732892042478	0.481307084378401	0.558918177085798
0.478332301538169	0.483570646221249	0.481307084378401	0.448180398466708
0.478332301538169	0.650721462926806	0.481307084378401	0.076688277885571
