x	xend	y	yend
0.478332301538169	0.890256678889471	0.481307084378401	0.248000567886044
0.478332301538169	0.451188151816753	0.481307084378401	0.519639392361933
0.478332301538169	0.284037335111196	0.481307084378401	0.14909374852113
0.478332301538169	0.341659126625077	0.481307084378401	0.240901992333538
