x	xend	y	yend
0.478332301538169	0.761679127577504	0.481307084378401	0.400383323079835
0.478332301538169	0.396899852373923	0.481307084378401	0.81068099001467
0.478332301538169	0.111648173722558	0.481307084378401	0.291538497941413
0.478332301538169	0.551192913948283	0.481307084378401	0.211087975013014
