x	xend	y	yend
0.478332301538169	0.362136292204391	0.481307084378401	0.395650939378165
0.478332301538169	0.909305205009762	0.481307084378401	0.612867351284842
0.478332301538169	0.516905566931759	0.481307084378401	0.578794188632814
0.478332301538169	0.639768560407639	0.481307084378401	0.0454545454545454
