colour	y	x	fill
#F8766D	0.536601195944406	0.42095702086656	#F8766D
#7CAE00	0.538830775103343	0.407928673615858	#7CAE00
#00BFC4	0.534330003946167	0.40896439739229	#00BFC4
#C77CFF	0.554094816450216	0.45350722020202	#C77CFF
