colour	y	x	fill
#F8766D	0.752925248575986	0.208075451887294	#F8766D
#7CAE00	0.763399046121798	0.207869417634997	#7CAE00
#00BFC4	0.766633103513267	0.210516678416821	#00BFC4
#C77CFF	0.771240252813853	0.206263062626263	#C77CFF
