colour	y	x	fill
#F8766D	0.760644343814081	0.198211406831473	#F8766D
#7CAE00	0.771470568873483	0.19885488247133	#7CAE00
#00BFC4	0.774887663810113	0.201630380763416	#00BFC4
#C77CFF	0.778723311688312	0.195160909090909	#C77CFF
