colour	y	x	fill
#F8766D	0.7108087949419	0.257768185140883	#F8766D
#7CAE00	0.719465699036553	0.253640406280854	#7CAE00
#00BFC4	0.721531903760638	0.255716703583454	#00BFC4
#C77CFF	0.729928776623377	0.262689345454545	#C77CFF
