colour	y	x	fill
#F8766D	0.728359571884256	0.237816590244551	#F8766D
#7CAE00	0.737754184536015	0.235192348257006	#7CAE00
#00BFC4	0.740338063315369	0.237482986136879	#00BFC4
#C77CFF	0.747232603463203	0.239935729292929	#C77CFF
