colour	y	x	fill
#F8766D	0.455781045568467	0.483791869351409	#F8766D
#7CAE00	0.455359451990366	0.468859350307587	#7CAE00
#00BFC4	0.447284339134788	0.469813844928881	#00BFC4
#C77CFF	0.471013881385281	0.52909218989899	#C77CFF
