colour	y	x	fill
#F8766D	0.631216413989519	0.338567919324827	#F8766D
#7CAE00	0.636776468167171	0.329294805916306	#7CAE00
#00BFC4	0.636098203492652	0.330701005102041	#00BFC4
#C77CFF	0.650323651082251	0.356145183838384	#C77CFF
