colour	y	x	fill
#F8766D	0.523718000455685	0.431367410951622	#F8766D
#7CAE00	0.525514843472317	0.417967400926559	#7CAE00
#00BFC4	0.520460459522337	0.418977882498454	#00BFC4
#C77CFF	0.540897357575758	0.465952129292929	#C77CFF
