colour	y	x	fill
#F8766D	0.744971421508316	0.217964330808081	#F8766D
#7CAE00	0.755089141148325	0.216930506987165	#7CAE00
#00BFC4	0.758123316665194	0.219454211863533	#00BFC4
#C77CFF	0.763497448484848	0.217426250505051	#C77CFF
