x	xend	y	yend
0.477332378907182	0.577547124791219	0.452285283776997	0.536162732295329
0.477332378907182	0.73216416129802	0.452285283776997	0.261928679055751
0.477332378907182	0.659150560725364	0.452285283776997	0.10572576594676
0.477332378907182	0.131352899069435	0.452285283776997	0.154445002511301
