x	xend	y	yend
0.477332378907182	0.790384156525889	0.452285283776997	0.311652435961828
0.477332378907182	0.67967072297781	0.452285283776997	0.295580110497238
0.477332378907182	0.608088761632069	0.452285283776997	0.22325464590658
0.477332378907182	0.209138630398473	0.452285283776997	0.0580110497237569
