x	xend	y	yend
0.477332378907182	0.787520878072059	0.452285283776997	0.309643395278754
0.477332378907182	0.667740396086853	0.452285283776997	0.339276745354093
0.477332378907182	0.622882366976855	0.452285283776997	0.185585133098945
0.477332378907182	0.205320925793367	0.452285283776997	0.0675539929683576
