x	xend	y	yend
0.477332378907182	0.416726318301121	0.452285283776997	0.917378201908589
0.477332378907182	0.686351706036745	0.452285283776997	0.628076343545957
0.477332378907182	0.620496301598664	0.452285283776997	0.382973380210949
0.477332378907182	0.0774278215223098	0.452285283776997	0.449271722752386
