x	xend	y	yend
0.477332378907182	0.846218086375567	0.452285283776997	0.417127071823204
0.477332378907182	0.443927463612503	0.452285283776997	0.94299347061778
0.477332378907182	0.536506800286328	0.452285283776997	0.444249121044701
0.477332378907182	0.181937485087091	0.452285283776997	0.351833249623305
