x	xend	y	yend
0.477332378907182	0.708780720591744	0.452285283776997	0.296584630838775
0.477332378907182	0.439632545931758	0.452285283776997	0.827473631341035
0.477332378907182	0.631949415413982	0.452285283776997	0.247363134103466
0.477332378907182	0.0917442137914579	0.452285283776997	0.239829231541939
