x	xend	y	yend
0.477332378907182	0.276902887139108	0.452285283776997	0.769713711702662
0.477332378907182	0.75411596277738	0.452285283776997	0.816423907584129
0.477332378907182	0.772727272727273	0.452285283776997	0.390507282772476
0.477332378907182	0.323669768551658	0.452285283776997	0.575339025615269
