x	xend	y	yend
0.477332378907182	0.399069434502505	0.452285283776997	0.72802611752888
0.477332378907182	0.382844189930804	0.452285283776997	0.474384731290809
0.477332378907182	0.937365783822477	0.452285283776997	0.474384731290809
0.477332378907182	0.509305654974946	0.452285283776997	0.871170266197891
