x	xend	y	yend
0.477332378907182	0.677761870675256	0.452285283776997	0.452787543947765
0.477332378907182	0.750775471247912	0.452285283776997	0.167001506780512
0.477332378907182	0.61333810546409	0.452285283776997	0.233802109492717
0.477332378907182	0.170484371271773	0.452285283776997	0.101205424409844
