x	xend	y	yend
0.477332378907182	0.423884514435696	0.452285283776997	0.77674535409342
0.477332378907182	0.430088284418993	0.452285283776997	0.439226519337017
0.477332378907182	0.948818897637795	0.452285283776997	0.475389251632346
0.477332378907182	0.492125984251968	0.452285283776997	0.834505273731793
