x	xend	y	yend
0.477332378907182	0.606657122405154	0.452285283776997	0.512054244098443
0.477332378907182	0.740753996659508	0.452285283776997	0.229281767955801
0.477332378907182	0.649606299212598	0.452285283776997	0.136865896534405
0.477332378907182	0.142806012884753	0.452285283776997	0.137368156705173
