x	xend	y	yend
0.477332378907182	0.776067764256741	0.452285283776997	0.319186338523355
0.477332378907182	0.634812693867812	0.452285283776997	0.457307885484681
0.477332378907182	0.652469577666428	0.452285283776997	0.110748367654445
0.477332378907182	0.189572894297304	0.452285283776997	0.108739326971371
