x	xend	y	yend
0.477332378907182	0.826652350274397	0.452285283776997	0.411099949773983
0.477332378907182	0.438200906704844	0.452285283776997	0.940984429934706
0.477332378907182	0.540801717967072	0.452285283776997	0.443244600703164
0.477332378907182	0.160462896683369	0.452285283776997	0.344299347061778
