x	xend	y	yend
0.477332378907182	0.46397041278931	0.452285283776997	0.72149673530889
0.477332378907182	0.686828919112384	0.452285283776997	0.438724259166248
0.477332378907182	0.660582199952279	0.452285283776997	0.075590155700653
0.477332378907182	0.0898353614889048	0.452285283776997	0.257910597689603
