x	xend	y	yend
0.477332378907182	0.684442853734192	0.452285283776997	0.364892014063285
0.477332378907182	0.394297303746123	0.452285283776997	0.925916624811652
0.477332378907182	0.561799093295156	0.452285283776997	0.435710698141637
0.477332378907182	0.0640658554044381	0.452285283776997	0.310145655449523
