x	xend	y	yend
0.477332378907182	0.755070388928657	0.452285283776997	0.301104972375691
0.477332378907182	0.540801717967072	0.452285283776997	0.657207433450527
0.477332378907182	0.666785969935576	0.452285283776997	0.119286790557509
0.477332378907182	0.144714865187306	0.452285283776997	0.175539929683576
