x	xend	y	yend
0.477332378907182	0.515509424958244	0.452285283776997	0.930436966348569
0.477332378907182	0.721665473633977	0.452285283776997	0.374937217478654
0.477332378907182	0.875328083989501	0.452285283776997	0.482923154193872
0.477332378907182	0.38666189453591	0.452285283776997	0.58136614766449
