x	xend	y	yend
0.477332378907182	0.441541398234312	0.452285283776997	0.816423907584129
0.477332378907182	0.680147936053448	0.452285283776997	0.501004520341537
0.477332378907182	0.643879742304939	0.452285283776997	0.139377197388247
0.477332378907182	0.0802910999761394	0.452285283776997	0.313159216474134
