x	xend	y	yend
0.477332378907182	0.381412550703889	0.452285283776997	0.751632345554998
0.477332378907182	0.496898115008351	0.452285283776997	0.587393269713712
0.477332378907182	0.944046766881412	0.452285283776997	0.490457056755399
0.477332378907182	0.498806967310904	0.452285283776997	0.830487192365645
