x	xend	y	yend
0.477332378907182	0.792293008828442	0.452285283776997	0.326217980914114
0.477332378907182	0.700190885230255	0.452285283776997	0.218734304369664
0.477332378907182	0.575638272488666	0.452285283776997	0.309643395278754
0.477332378907182	0.213910761154856	0.452285283776997	0.05047714716223
