x	xend	y	yend
0.477332378907182	0.399069434502505	0.452285283776997	0.879708689100954
0.477332378907182	0.714030064423765	0.452285283776997	0.659216474133601
0.477332378907182	0.652469577666428	0.452285283776997	0.579357106981416
0.477332378907182	0.109878310665712	0.452285283776997	0.555750878955299
