x	xend	y	yend
0.477332378907182	0.420066809830589	0.452285283776997	0.898292315419387
0.477332378907182	0.671558100691959	0.452285283776997	0.586891009542943
0.477332378907182	0.611429253161537	0.452285283776997	0.272978402812657
0.477332378907182	0.0664519207826295	0.452285283776997	0.395529884480161
