x	xend	y	yend
0.477332378907182	0.437723693629205	0.452285283776997	0.831993972877951
0.477332378907182	0.679193509902171	0.452285283776997	0.514063284781517
0.477332378907182	0.639584824624195	0.452285283776997	0.155449522852838
0.477332378907182	0.0783822476735863	0.452285283776997	0.324711200401808
