x	xend	y	yend
0.477332378907182	0.412908613696015	0.452285283776997	0.750125565042692
0.477332378907182	0.395251729897399	0.452285283776997	0.445755901557007
0.477332378907182	0.942137914578859	0.452285283776997	0.472375690607735
0.477332378907182	0.500715819613457	0.452285283776997	0.856102461074837
