x	xend	y	yend
0.477332378907182	0.691123836793128	0.452285283776997	0.441737820190859
0.477332378907182	0.750775471247912	0.452285283776997	0.15796082370668
0.477332378907182	0.604271057026962	0.452285283776997	0.256403817177298
0.477332378907182	0.175733715103794	0.452285283776997	0.0956805625313913
