x	xend	y	yend
0.477332378907182	0.765569076592698	0.452285283776997	0.385484681064792
0.477332378907182	0.732641374373658	0.452285283776997	0.133350075339026
0.477332378907182	0.543187783345264	0.452285283776997	0.403063787041688
0.477332378907182	0.203412073490814	0.452285283776997	0.0730788548468107
