x	xend	y	yend
0.477332378907182	0.786089238845144	0.452285283776997	0.309643395278754
0.477332378907182	0.661059413027917	0.452285283776997	0.361878453038674
0.477332378907182	0.629563350035791	0.452285283776997	0.168006027122049
0.477332378907182	0.202457647339537	0.452285283776997	0.0740833751883476
