x	xend	y	yend
0.477332378907182	0.441064185158673	0.452285283776997	0.814414866901055
0.477332378907182	0.48353614889048	0.452285283776997	0.430185836263184
0.477332378907182	0.95311381531854	0.452285283776997	0.479407332998493
0.477332378907182	0.478286805058459	0.452285283776997	0.798342541436464
