x	xend	y	yend
0.477332378907182	0.741708422810785	0.452285283776997	0.292064289301858
0.477332378907182	0.499761393462181	0.452285283776997	0.727523857358112
0.477332378907182	0.658673347649726	0.452285283776997	0.158463083877449
0.477332378907182	0.124671916010499	0.452285283776997	0.198643897538925
