x	xend	y	yend
0.477332378907182	0.457766642806013	0.452285283776997	0.848066298342541
0.477332378907182	0.536984013361966	0.452285283776997	0.421145153189352
0.477332378907182	0.95025053686471	0.452285283776997	0.481416373681567
0.477332378907182	0.46397041278931	0.452285283776997	0.758663987945756
