x	xend	y	yend
0.477332378907182	0.267358625626342	0.452285283776997	0.749623304871924
0.477332378907182	0.753638749701742	0.452285283776997	0.82898041185334
0.477332378907182	0.780839895013123	0.452285283776997	0.362380713209442
0.477332378907182	0.354688618468146	0.452285283776997	0.570818684078353
