x	xend	y	yend
0.477332378907182	0.449654020520162	0.452285283776997	0.781265695630337
0.477332378907182	0.683011214507277	0.452285283776997	0.475891511803114
0.477332378907182	0.651037938439513	0.452285283776997	0.110246107483677
0.477332378907182	0.0841088045812456	0.452285283776997	0.290055248618785
