x	xend	y	yend
0.477332378907182	0.310785015509425	0.452285283776997	0.761175288799598
0.477332378907182	0.703054163684085	0.452285283776997	0.785283776996484
0.477332378907182	0.857671200190885	0.452285283776997	0.427172275238574
0.477332378907182	0.410522548317824	0.452285283776997	0.665243596182823
