x	xend	y	yend
0.477332378907182	0.430565497494631	0.452285283776997	0.859116022099447
0.477332378907182	0.676330231448342	0.452285283776997	0.538674033149171
0.477332378907182	0.630994989262706	0.452285283776997	0.191109994977398
0.477332378907182	0.0745645430684801	0.452285283776997	0.348317428427926
