x	xend	y	yend
0.477332378907182	0.505965163445478	0.452285283776997	0.926418884982421
0.477332378907182	0.704485802911	0.452285283776997	0.39251632345555
0.477332378907182	0.891076115485564	0.452285283776997	0.476393771973882
0.477332378907182	0.412431400620377	0.452285283776997	0.604470115519839
