x	xend	y	yend
0.477332378907182	0.704485802911	0.452285283776997	0.431190356604721
0.477332378907182	0.749821045096635	0.452285283776997	0.150426921145153
0.477332378907182	0.595204008589835	0.452285283776997	0.279005524861879
0.477332378907182	0.180505845860177	0.452285283776997	0.0906579608237067
