x	xend	y	yend
0.477332378907182	0.28740157480315	0.452285283776997	0.788297338021095
0.477332378907182	0.753638749701742	0.452285283776997	0.801858362631843
0.477332378907182	0.762705798138869	0.452285283776997	0.41863385233551
0.477332378907182	0.293605344786447	0.452285283776997	0.578854846810648
