x	xend	y	yend
0.477332378907182	0.525530899546648	0.452285283776997	0.819939728779508
0.477332378907182	0.53316630875686	0.452285283776997	0.247865394274234
0.477332378907182	0.87294201861131	0.452285283776997	0.590909090909091
0.477332378907182	0.220591744213791	0.452285283776997	0.689352084379709
