x	xend	y	yend
0.477332378907182	0.736459078978764	0.452285283776997	0.291059768960321
0.477332378907182	0.486399427344309	0.452285283776997	0.749623304871924
0.477332378907182	0.654378429968981	0.452285283776997	0.174033149171271
0.477332378907182	0.117990932951563	0.452285283776997	0.206680060271221
