x	xend	y	yend
0.477332378907182	0.630517776187067	0.452285283776997	0.347815168257157
0.477332378907182	0.378072059174421	0.452285283776997	0.919889502762431
0.477332378907182	0.566094010975901	0.452285283776997	0.432194876946258
0.477332378907182	0.0454545454545455	0.452285283776997	0.303616273229533
