x	xend	y	yend
0.477332378907182	0.474469100453352	0.452285283776997	0.677297840281266
0.477332378907182	0.688737771414937	0.452285283776997	0.415118031140131
0.477332378907182	0.665354330708661	0.452285283776997	0.0595178302360623
0.477332378907182	0.0931758530183727	0.452285283776997	0.237820190858865
