x	xend	y	yend
0.477332378907182	0.735981865903126	0.452285283776997	0.381466599698644
0.477332378907182	0.410045335242186	0.452285283776997	0.931441486690105
0.477332378907182	0.555595323311859	0.452285283776997	0.438724259166248
0.477332378907182	0.0898353614889048	0.452285283776997	0.319688598694124
