x	xend	y	yend
0.477332378907182	0.783225960391315	0.452285283776997	0.397036664992466
0.477332378907182	0.424838940586972	0.452285283776997	0.93646408839779
0.477332378907182	0.548914340252923	0.452285283776997	0.44123556002009
0.477332378907182	0.122285850632307	0.452285283776997	0.33073832245103
