x	xend	y	yend
0.477332378907182	0.293128131710809	0.452285283776997	0.796835760924159
0.477332378907182	0.753161536626104	0.452285283776997	0.793822199899548
0.477332378907182	0.757456454306848	0.452285283776997	0.433199397287795
0.477332378907182	0.278811739441661	0.452285283776997	0.580361627322953
