x	xend	y	yend
0.477332378907182	0.424838940586972	0.452285283776997	0.881717729784028
0.477332378907182	0.67394416607015	0.452285283776997	0.563284781516826
0.477332378907182	0.62145072774994	0.452285283776997	0.230286288297338
0.477332378907182	0.0702696253877357	0.452285283776997	0.371923656454043
