x	xend	y	yend
0.477332378907182	0.950727749940348	0.452285283776997	0.45128076343546
0.477332378907182	0.476377952755905	0.452285283776997	0.954043194374686
0.477332378907182	0.488785492722501	0.452285283776997	0.45128076343546
0.477332378907182	0.418635170603675	0.452285283776997	0.432194876946258
