x	xend	y	yend
0.477332378907182	0.276425674063469	0.452285283776997	0.752134605725766
0.477332378907182	0.746480553567168	0.452285283776997	0.823455549974887
0.477332378907182	0.797542352660463	0.452285283776997	0.376946258161728
0.477332378907182	0.366141732283465	0.452285283776997	0.589904570567554
