x	xend	y	yend
0.477332378907182	0.501670245764734	0.452285283776997	0.921396283274736
0.477332378907182	0.689214984490575	0.452285283776997	0.395529884480161
0.477332378907182	0.900143163922691	0.452285283776997	0.477398292315419
0.477332378907182	0.417680744452398	0.452285283776997	0.621044701155198
