x	xend	y	yend
0.477332378907182	0.390002386065378	0.452285283776997	0.743596182822702
0.477332378907182	0.451562872822715	0.452285283776997	0.542692114515319
0.477332378907182	0.945001193032689	0.452285283776997	0.487443495730789
0.477332378907182	0.505965163445478	0.452285283776997	0.849573078854847
