x	xend	y	yend
0.477332378907182	0.374731567644953	0.452285283776997	0.855600200904068
0.477332378907182	0.726914817465998	0.452285283776997	0.682822702159719
0.477332378907182	0.67680744452398	0.452285283776997	0.591913611250628
0.477332378907182	0.13803388212837	0.452285283776997	0.582370668006027
