x	xend	y	yend
0.477332378907182	0.788475304223336	0.452285283776997	0.362380713209442
0.477332378907182	0.717847769028871	0.452285283776997	0.146408839779006
0.477332378907182	0.53030303030303	0.452285283776997	0.430185836263184
0.477332378907182	0.212001908852303	0.452285283776997	0.0645404319437469
