x	xend	y	yend
0.477332378907182	0.760319732760678	0.452285283776997	0.389502762430939
0.477332378907182	0.417680744452398	0.452285283776997	0.933952787543948
0.477332378907182	0.552254831782391	0.452285283776997	0.439728779507785
0.477332378907182	0.10510617990933	0.452285283776997	0.324711200401808
