x	xend	y	yend
0.477332378907182	0.333691243140062	0.452285283776997	0.76368658965344
0.477332378907182	0.657718921498449	0.452285283776997	0.743093922651934
0.477332378907182	0.893939393939394	0.452285283776997	0.456805625313913
0.477332378907182	0.441541398234312	0.452285283776997	0.717980914113511
