x	xend	y	yend
0.477332378907182	0.730255308995466	0.452285283776997	0.291059768960321
0.477332378907182	0.473991887377714	0.452285283776997	0.770718232044199
0.477332378907182	0.649606299212598	0.452285283776997	0.19060773480663
0.477332378907182	0.111309949892627	0.452285283776997	0.214716223003516
