x	xend	y	yend
0.477332378907182	0.396206156048676	0.452285283776997	0.733550979407333
0.477332378907182	0.405750417561441	0.452285283776997	0.496986438975389
0.477332378907182	0.941183488427583	0.452285283776997	0.479909593169262
0.477332378907182	0.508828441899308	0.452285283776997	0.865143144148669
