x	xend	y	yend
0.477332378907182	0.473514674302076	0.452285283776997	0.877197388247112
0.477332378907182	0.589477451682176	0.452285283776997	0.412606730286288
0.477332378907182	0.940229062276306	0.452285283776997	0.481918633852336
0.477332378907182	0.448699594368886	0.452285283776997	0.715469613259669
