x	xend	y	yend
0.477332378907182	0.404795991410165	0.452285283776997	0.895781014565545
0.477332378907182	0.709257933667382	0.452285283776997	0.657207433450527
0.477332378907182	0.645788594607492	0.452285283776997	0.537669512807634
0.477332378907182	0.102720114531138	0.452285283776997	0.531642390758413
