x	xend	y	yend
0.477332378907182	0.418157957528036	0.452285283776997	0.909342039176293
0.477332378907182	0.674898592221427	0.452285283776997	0.606981416373682
0.477332378907182	0.609520400858983	0.452285283776997	0.316675037669513
0.477332378907182	0.067406346933906	0.452285283776997	0.417127071823204
