x	xend	y	yend
0.477332378907182	0.519804342638988	0.452285283776997	0.911351079859367
0.477332378907182	0.678716296826533	0.452285283776997	0.340783525866399
0.477332378907182	0.885826771653543	0.452285283776997	0.512556504269212
0.477332378907182	0.341326652350274	0.452285283776997	0.611501757910598
