x	xend	y	yend
0.477332378907182	0.909210212359819	0.452285283776997	0.437719738824711
0.477332378907182	0.463493199713672	0.452285283776997	0.94952285283777
0.477332378907182	0.51646385110952	0.452285283776997	0.44776494224008
0.477332378907182	0.279288952517299	0.452285283776997	0.384982420894023
