x	xend	y	yend
0.477332378907182	0.326533047005488	0.452285283776997	0.763184329482672
0.477332378907182	0.67394416607015	0.452285283776997	0.758161727774987
0.477332378907182	0.882486280124075	0.452285283776997	0.44776494224008
0.477332378907182	0.431519923645908	0.452285283776997	0.700904068307383
