x	xend	y	yend
0.477332378907182	0.468265330470055	0.452285283776997	0.86815670517328
0.477332378907182	0.57182056788356	0.452285283776997	0.415620291310899
0.477332378907182	0.944523979957051	0.452285283776997	0.481918633852336
0.477332378907182	0.453471725125268	0.452285283776997	0.730035158211954
