x	xend	y	yend
0.477332378907182	0.454426151276545	0.452285283776997	0.762682069311904
0.477332378907182	0.683965640658554	0.452285283776997	0.463335007533903
0.477332378907182	0.654378429968981	0.452285283776997	0.0971873430436967
0.477332378907182	0.0860176568837987	0.452285283776997	0.279005524861879
