x	xend	y	yend
0.477332378907182	0.409568122166547	0.452285283776997	0.907835258663988
0.477332378907182	0.703531376759723	0.452285283776997	0.652184831742843
0.477332378907182	0.638630398472918	0.452285283776997	0.493972877950778
0.477332378907182	0.0950847053209258	0.452285283776997	0.507533902561527
