x	xend	y	yend
0.477332378907182	0.548437127177285	0.452285283776997	0.560271220492215
0.477332378907182	0.720711047482701	0.452285283776997	0.298593671521848
0.477332378907182	0.666308756859938	0.452285283776997	0.0801104972375691
0.477332378907182	0.119899785254116	0.452285283776997	0.172526368658965
