x	xend	y	yend
0.477332378907182	0.7817943211644	0.452285283776997	0.312656956303365
0.477332378907182	0.648174659985683	0.452285283776997	0.409090909090909
0.477332378907182	0.641970890002386	0.452285283776997	0.136865896534405
0.477332378907182	0.196731090431878	0.452285283776997	0.0896534404821698
