x	xend	y	yend
0.477332378907182	0.341803865425913	0.452285283776997	0.84203917629332
0.477332378907182	0.74027678358387	0.452285283776997	0.72802611752888
0.477332378907182	0.710212359818659	0.452285283776997	0.535158211953792
0.477332378907182	0.183846337389644	0.452285283776997	0.584881968859869
