x	xend	y	yend
0.477332378907182	0.895848246241947	0.452285283776997	0.433199397287795
0.477332378907182	0.459198282032928	0.452285283776997	0.948518332496233
0.477332378907182	0.521713194941541	0.452285283776997	0.447262682069312
0.477332378907182	0.253042233357194	0.452285283776997	0.375941737820191
