x	xend	y	yend
0.477332378907182	0.766046289668337	0.452285283776997	0.334756403817177
0.477332378907182	0.613815318539728	0.452285283776997	0.530637870416876
0.477332378907182	0.665354330708661	0.452285283776997	0.0821195379206429
0.477332378907182	0.17668814125507	0.452285283776997	0.143395278754395
