x	xend	y	yend
0.477332378907182	0.392865664519208	0.452285283776997	0.858613761928679
0.477332378907182	0.718802195180148	0.452285283776997	0.658714213962833
0.477332378907182	0.658673347649726	0.452285283776997	0.620040180813662
0.477332378907182	0.117513719875925	0.452285283776997	0.579859367152185
