x	xend	y	yend
0.477332378907182	0.784180386542591	0.452285283776997	0.310647915620291
0.477332378907182	0.654855643044619	0.452285283776997	0.384982420894023
0.477332378907182	0.635767120019089	0.452285283776997	0.151933701657459
0.477332378907182	0.199594368885708	0.452285283776997	0.0816172777498745
