x	xend	y	yend
0.477332378907182	0.791815795752804	0.452285283776997	0.321195379206429
0.477332378907182	0.695418754473873	0.452285283776997	0.23631341034656
0.477332378907182	0.583750894774517	0.452285283776997	0.287041687594174
0.477332378907182	0.213433548079217	0.452285283776997	0.0509794073329985
