x	xend	y	yend
0.477332378907182	0.791815795752804	0.452285283776997	0.317177297840281
0.477332378907182	0.69064662371749	0.452285283776997	0.255399296835761
0.477332378907182	0.592340730136006	0.452285283776997	0.264942240080362
0.477332378907182	0.212479121927941	0.452285283776997	0.0519839276745354
