x	xend	y	yend
0.477332378907182	0.763183011214507	0.452285283776997	0.318684078352587
0.477332378907182	0.584228107850155	0.452285283776997	0.582370668006027
0.477332378907182	0.668217609162491	0.452285283776997	0.0926670015067806
0.477332378907182	0.164280601288475	0.452285283776997	0.155449522852838
