x	xend	y	yend
0.477332378907182	0.480195657361012	0.452285283776997	0.653691612255148
0.477332378907182	0.690169410641851	0.452285283776997	0.403566047212456
0.477332378907182	0.667263183011214	0.452285283776997	0.0534907081868408
0.477332378907182	0.0946074922452875	0.452285283776997	0.228779507785033
