x	xend	y	yend
0.477332378907182	0.469219756621331	0.452285283776997	0.699899547965846
0.477332378907182	0.68778334526366	0.452285283776997	0.426670015067805
0.477332378907182	0.66296826533047	0.452285283776997	0.0670517327975892
0.477332378907182	0.0912670007158196	0.452285283776997	0.247865394274234
