x	xend	y	yend
0.477332378907182	0.302195180147936	0.452285283776997	0.759166248116524
0.477332378907182	0.715938916726318	0.452285283776997	0.796835760924159
0.477332378907182	0.843832020997375	0.452285283776997	0.415620291310899
0.477332378907182	0.399546647578144	0.452285283776997	0.64665996986439
