x	xend	y	yend
0.477332378907182	0.525053686471009	0.452285283776997	0.855600200904068
0.477332378907182	0.583750894774517	0.452285283776997	0.276996484178805
0.477332378907182	0.884395132426628	0.452285283776997	0.566298342541437
0.477332378907182	0.257337151037938	0.452285283776997	0.665745856353591
