x	xend	y	yend
0.477332378907182	0.271653543307087	0.452285283776997	0.759668508287293
0.477332378907182	0.75411596277738	0.452285283776997	0.822953289804119
0.477332378907182	0.777022190408017	0.452285283776997	0.376443997990959
0.477332378907182	0.338940586972083	0.452285283776997	0.572827724761426
