x	xend	y	yend
0.477332378907182	0.524576473395371	0.452285283776997	0.866649924660974
0.477332378907182	0.600453352421856	0.452285283776997	0.287041687594174
0.477332378907182	0.88678119780482	0.452285283776997	0.557759919638373
0.477332378907182	0.270221904080172	0.452285283776997	0.657709693621296
