x	xend	y	yend
0.477332378907182	0.452040085898354	0.452285283776997	0.837016574585635
0.477332378907182	0.51932712956335	0.452285283776997	0.424158714213963
0.477332378907182	0.952159389167263	0.452285283776997	0.480914113510799
0.477332378907182	0.468742543545693	0.452285283776997	0.772225012556504
