x	xend	y	yend
0.477332378907182	0.525053686471009	0.452285283776997	0.844550477147162
0.477332378907182	0.567048437127177	0.452285283776997	0.266951280763435
0.477332378907182	0.881531853972799	0.452285283776997	0.5748367654445
0.477332378907182	0.244452397995705	0.452285283776997	0.673782019085887
