x	xend	y	yend
0.477332378907182	0.433905989024099	0.452285283776997	0.846057257659468
0.477332378907182	0.677761870675256	0.452285283776997	0.526619789050728
0.477332378907182	0.63528990694345	0.452285283776997	0.172526368658965
0.477332378907182	0.0764733953710332	0.452285283776997	0.336263184329483
