x	xend	y	yend
0.477332378907182	0.710689572894297	0.452285283776997	0.373430436966349
0.477332378907182	0.402409926031973	0.452285283776997	0.928427925665495
0.477332378907182	0.558935814841327	0.452285283776997	0.437217478653943
0.477332378907182	0.0759961822953949	0.452285283776997	0.314665996986439
