x	xend	y	yend
0.477332378907182	0.493080410403245	0.452285283776997	0.908839779005525
0.477332378907182	0.656764495347173	0.452285283776997	0.401054746358614
0.477332378907182	0.916368408494393	0.452285283776997	0.479909593169262
0.477332378907182	0.427702219040802	0.452285283776997	0.653691612255148
