x	xend	y	yend
0.477332378907182	0.516941064185159	0.452285283776997	0.924912104470115
0.477332378907182	0.707826294440468	0.452285283776997	0.363887493721748
0.477332378907182	0.879623001670246	0.452285283776997	0.492968357609242
0.477332378907182	0.371391076115486	0.452285283776997	0.591913611250628
