x	xend	y	yend
0.477332378907182	0.491171558100692	0.452285283776997	0.605474635861376
0.477332378907182	0.692078262944405	0.452285283776997	0.381466599698644
0.477332378907182	0.670126461465044	0.452285283776997	0.0454545454545455
0.477332378907182	0.0974707706991172	0.452285283776997	0.211200401808137
