x	xend	y	yend
0.477332378907182	0.312693867811978	0.452285283776997	0.819437468608739
0.477332378907182	0.749343832020997	0.452285283776997	0.767704671019588
0.477332378907182	0.738845144356955	0.452285283776997	0.476896032144651
0.477332378907182	0.236339775709854	0.452285283776997	0.583877448518333
