x	xend	y	yend
0.477332378907182	0.880577427821522	0.452285283776997	0.428679055750879
0.477332378907182	0.454903364352183	0.452285283776997	0.946509291813159
0.477332378907182	0.526962538773562	0.452285283776997	0.446258161727775
0.477332378907182	0.228227153424004	0.452285283776997	0.367403314917127
