x	xend	y	yend
0.477332378907182	0.788952517298974	0.452285283776997	0.310145655449523
0.477332378907182	0.673466952994512	0.452285283776997	0.317177297840281
0.477332378907182	0.615724170842281	0.452285283776997	0.20366649924661
0.477332378907182	0.20722977809592	0.452285283776997	0.0625313912606731
