x	xend	y	yend
0.477332378907182	0.769863994273443	0.452285283776997	0.328729281767956
0.477332378907182	0.620973514674302	0.452285283776997	0.50652938221999
0.477332378907182	0.661536626103555	0.452285283776997	0.0901557006529383
0.477332378907182	0.180983058935815	0.452285283776997	0.131341034655952
