x	xend	y	yend
0.477332378907182	0.672989739918874	0.452285283776997	0.316172777498744
0.477332378907182	0.402409926031973	0.452285283776997	0.885735811150176
0.477332378907182	0.601884991648771	0.452285283776997	0.335258663987946
0.477332378907182	0.0669291338582678	0.452285283776997	0.272978402812657
