x	xend	y	yend
0.477332378907182	0.488308279646862	0.452285283776997	0.901808136614766
0.477332378907182	0.640539250775471	0.452285283776997	0.404068307383225
0.477332378907182	0.923526604628967	0.452285283776997	0.48041185334003
0.477332378907182	0.432951562872823	0.452285283776997	0.66926167754897
