x	xend	y	yend
0.477332378907182	0.3341684562157	0.452285283776997	0.837016574585635
0.477332378907182	0.7431400620377	0.452285283776997	0.738573581115017
0.477332378907182	0.717847769028871	0.452285283776997	0.520592667001507
0.477332378907182	0.19625387735624	0.452285283776997	0.585384229030638
