x	xend	y	yend
0.477332378907182	0.805654974946313	0.452285283776997	0.404068307383225
0.477332378907182	0.431519923645908	0.452285283776997	0.938975389251632
0.477332378907182	0.544619422572178	0.452285283776997	0.442240080361627
0.477332378907182	0.140419947506562	0.452285283776997	0.33726770467102
