x	xend	y	yend
0.477332378907182	0.429611071343355	0.452285283776997	0.7898041185334
0.477332378907182	0.447745168217609	0.452285283776997	0.436212958312406
0.477332378907182	0.951204963015987	0.452285283776997	0.476896032144651
0.477332378907182	0.487831066571224	0.452285283776997	0.822953289804119
