x	xend	y	yend
0.477332378907182	0.326533047005488	0.452285283776997	0.831491712707182
0.477332378907182	0.745526127415891	0.452285283776997	0.748618784530387
0.477332378907182	0.725005965163445	0.452285283776997	0.506027122049222
0.477332378907182	0.209138630398473	0.452285283776997	0.584881968859869
