x	xend	y	yend
0.477332378907182	0.761274158911954	0.452285283776997	0.311652435961828
0.477332378907182	0.569911715581007	0.452285283776997	0.60748367654445
0.477332378907182	0.668694822238129	0.452285283776997	0.100200904068307
0.477332378907182	0.157599618229539	0.452285283776997	0.161978905072828
