x	xend	y	yend
0.477332378907182	0.723574325936531	0.452285283776997	0.292064289301858
0.477332378907182	0.462061560486757	0.452285283776997	0.790808638874937
0.477332378907182	0.644356955380577	0.452285283776997	0.208689100954294
0.477332378907182	0.104628966833691	0.452285283776997	0.22325464590658
