x	xend	y	yend
0.477332378907182	0.791338582677165	0.452285283776997	0.313661476644902
0.477332378907182	0.684920066809831	0.452285283776997	0.274987443495731
0.477332378907182	0.600453352421856	0.452285283776997	0.243847312908086
0.477332378907182	0.211047482701026	0.452285283776997	0.0544952285283777
