x	xend	y	yend
0.477332378907182	0.319374850870914	0.452285283776997	0.825966850828729
0.477332378907182	0.747434979718444	0.452285283776997	0.758663987945756
0.477332378907182	0.73216416129802	0.452285283776997	0.491461577096936
0.477332378907182	0.222500596516345	0.452285283776997	0.584379708689101
