x	xend	y	yend
0.477332378907182	0.716416129801957	0.452285283776997	0.293571069814164
0.477332378907182	0.450608446671439	0.452285283776997	0.809894525364139
0.477332378907182	0.638630398472918	0.452285283776997	0.227272727272727
0.477332378907182	0.0979479837747554	0.452285283776997	0.231290808638875
