x	xend	y	yend
0.477332378907182	0.791815795752804	0.452285283776997	0.331742842792567
0.477332378907182	0.704485802911	0.452285283776997	0.201657458563536
0.477332378907182	0.566571224051539	0.452285283776997	0.332747363134103
0.477332378907182	0.214387974230494	0.452285283776997	0.051481667503767
