x	xend	y	yend
0.477332378907182	0.717370555953233	0.452285283776997	0.421145153189352
0.477332378907182	0.747912192794082	0.452285283776997	0.144399799095932
0.477332378907182	0.585182534001432	0.452285283776997	0.303114013058765
0.477332378907182	0.185755189692198	0.452285283776997	0.0856353591160221
