x	xend	y	yend
0.477332378907182	0.523622047244094	0.452285283776997	0.876695128076344
0.477332378907182	0.616678596993558	0.452285283776997	0.297589151180311
0.477332378907182	0.888212837031735	0.452285283776997	0.549221496735309
0.477332378907182	0.284061083273682	0.452285283776997	0.648669010547464
