x	xend	y	yend
0.477332378907182	0.435337628251014	0.452285283776997	0.802360622802612
0.477332378907182	0.465879265091863	0.452285283776997	0.433199397287795
0.477332378907182	0.952636602242901	0.452285283776997	0.478402812656956
0.477332378907182	0.483058935814841	0.452285283776997	0.810899045705676
