x	xend	y	yend
0.477332378907182	0.563230732522071	0.452285283776997	0.548216976393772
0.477332378907182	0.72643760439036	0.452285283776997	0.279507785032647
0.477332378907182	0.66296826533047	0.452285283776997	0.0921647413360121
0.477332378907182	0.125626342161775	0.452285283776997	0.162983425414365
