x	xend	y	yend
0.477332378907182	0.385707468384634	0.452285283776997	0.748116524359618
0.477332378907182	0.474469100453352	0.452285283776997	0.564791562029131
0.477332378907182	0.945001193032689	0.452285283776997	0.489452536413862
0.477332378907182	0.50262467191601	0.452285283776997	0.840532395781015
