x	xend	y	yend
0.477332378907182	0.51932712956335	0.452285283776997	0.583375188347564
0.477332378907182	0.707349081364829	0.452285283776997	0.338272225012557
0.477332378907182	0.669649248389406	0.452285283776997	0.0595178302360623
0.477332378907182	0.108446671438797	0.452285283776997	0.191612255148167
