x	xend	y	yend
0.477332378907182	0.341326652350274	0.452285283776997	0.764188849824209
0.477332378907182	0.640539250775471	0.452285283776997	0.726519337016575
0.477332378907182	0.903960868527797	0.452285283776997	0.464841788046208
0.477332378907182	0.450608446671439	0.452285283776997	0.73455549974887
