x	xend	y	yend
0.477332378907182	0.700668098305893	0.452285283776997	0.300100452034154
0.477332378907182	0.429133858267716	0.452285283776997	0.844048216976394
0.477332378907182	0.625268432355046	0.452285283776997	0.267955801104972
0.477332378907182	0.0850632307325221	0.452285283776997	0.247865394274234
