x	xend	y	yend
0.477332378907182	0.742185635886423	0.452285283776997	0.402059266700151
0.477332378907182	0.742185635886423	0.452285283776997	0.136363636363636
0.477332378907182	0.565139584824624	0.452285283776997	0.352335509794073
0.477332378907182	0.194822238129325	0.452285283776997	0.0781014565544953
