x	xend	y	yend
0.477332378907182	0.4114769744691	0.452285283776997	0.912355600200904
0.477332378907182	0.700190885230255	0.452285283776997	0.648669010547464
0.477332378907182	0.634812693867812	0.452285283776997	0.471873430436966
0.477332378907182	0.0917442137914579	0.452285283776997	0.495479658463084
