x	xend	y	yend
0.477332378907182	0.790384156525889	0.452285283776997	0.345303867403315
0.477332378907182	0.712121212121212	0.452285283776997	0.171521848317428
0.477332378907182	0.548914340252923	0.452285283776997	0.380964339527875
0.477332378907182	0.213910761154856	0.452285283776997	0.0560020090406831
