x	xend	y	yend
0.477332378907182	0.692078262944405	0.452285283776997	0.30462079357107
0.477332378907182	0.419589596754951	0.452285283776997	0.859116022099447
0.477332378907182	0.617633023144834	0.452285283776997	0.289552988448016
0.477332378907182	0.0788594607492246	0.452285283776997	0.256403817177298
