x	xend	y	yend
0.477332378907182	0.360892388451444	0.452285283776997	0.761677548970367
0.477332378907182	0.58279646862324	0.452285283776997	0.671270718232044
0.477332378907182	0.927821522309711	0.452285283776997	0.482420894023104
0.477332378907182	0.475423526604629	0.452285283776997	0.780763435459568
