x	xend	y	yend
0.477332378907182	0.75411596277738	0.452285283776997	0.393520843797087
0.477332378907182	0.737890718205679	0.452285283776997	0.134354595680563
0.477332378907182	0.554163684084944	0.452285283776997	0.377448518332496
0.477332378907182	0.199117155810069	0.452285283776997	0.075590155700653
