x	xend	y	yend
0.477332378907182	0.445359102839418	0.452285283776997	0.799347061778001
0.477332378907182	0.681579575280363	0.452285283776997	0.488448016072325
0.477332378907182	0.647697446910045	0.452285283776997	0.124309392265193
0.477332378907182	0.0821999522786925	0.452285283776997	0.301607232546459
