x	xend	y	yend
0.477332378907182	0.418157957528036	0.452285283776997	0.904319437468609
0.477332378907182	0.670603674540682	0.452285283776997	0.598442993470618
0.477332378907182	0.605702696253877	0.452285283776997	0.295077850326469
0.477332378907182	0.0645430684800764	0.452285283776997	0.407081868407835
