x	xend	y	yend
0.477332378907182	0.641493676926748	0.452285283776997	0.338774485183325
0.477332378907182	0.382844189930804	0.452285283776997	0.913862380713209
0.477332378907182	0.575161059413028	0.452285283776997	0.407081868407835
0.477332378907182	0.0507038892865665	0.452285283776997	0.296082370668006
