x	xend	y	yend
0.477332378907182	0.478764018134097	0.452285283776997	0.885735811150176
0.477332378907182	0.606657122405154	0.452285283776997	0.409593169261678
0.477332378907182	0.935456931519923	0.452285283776997	0.481416373681567
0.477332378907182	0.443450250536865	0.452285283776997	0.700401808136615
