x	xend	y	yend
0.477332378907182	0.393342877594846	0.452285283776997	0.739075841285786
0.477332378907182	0.428656645192078	0.452285283776997	0.520090406830738
0.477332378907182	0.943569553805774	0.452285283776997	0.484429934706178
0.477332378907182	0.507874015748031	0.452285283776997	0.858111501757911
