x	xend	y	yend
0.477332378907182	0.663922691481747	0.452285283776997	0.46433952787544
0.477332378907182	0.750298258172274	0.452285283776997	0.177046710195881
0.477332378907182	0.621927940825579	0.452285283776997	0.212204922149674
0.477332378907182	0.165235027439752	0.452285283776997	0.107734806629834
