x	xend	y	yend
0.477332378907182	0.525530899546648	0.452285283776997	0.832496233048719
0.477332378907182	0.550345979479838	0.452285283776997	0.256906077348066
0.477332378907182	0.877236936292054	0.452285283776997	0.582872928176796
0.477332378907182	0.232522071104748	0.452285283776997	0.681818181818182
