x	xend	y	yend
0.477332378907182	0.417680744452398	0.452285283776997	0.915871421396283
0.477332378907182	0.682534001431639	0.452285283776997	0.621546961325967
0.477332378907182	0.616678596993558	0.452285283776997	0.360873932697137
0.477332378907182	0.0740873299928418	0.452285283776997	0.43822199899548
