x	xend	y	yend
0.477332378907182	0.931162013839179	0.452285283776997	0.44475138121547
0.477332378907182	0.470174182772608	0.452285283776997	0.952034153691612
0.477332378907182	0.505965163445478	0.452285283776997	0.449271722752386
0.477332378907182	0.333214030064424	0.452285283776997	0.403566047212456
