x	xend	y	yend
0.477332378907182	0.349916487711763	0.452285283776997	0.846057257659468
0.477332378907182	0.737413505130041	0.452285283776997	0.716976393771974
0.477332378907182	0.702099737532808	0.452285283776997	0.549221496735309
0.477332378907182	0.171916010498688	0.452285283776997	0.584881968859869
