x	xend	y	yend
0.477332378907182	0.66296826533047	0.452285283776997	0.322702159718734
0.477332378907182	0.395251729897399	0.452285283776997	0.896283274736313
0.477332378907182	0.593295156287282	0.452285283776997	0.358864892014063
0.477332378907182	0.0612025769506085	0.452285283776997	0.280512305374184
