x	xend	y	yend
0.477332378907182	0.657718921498449	0.452285283776997	0.356353591160221
0.477332378907182	0.386184681460272	0.452285283776997	0.922903063787042
0.477332378907182	0.564185158673348	0.452285283776997	0.433701657458564
0.477332378907182	0.0540443808160344	0.452285283776997	0.306629834254144
