x	xend	y	yend
0.477332378907182	0.354688618468146	0.452285283776997	0.762682069311904
0.477332378907182	0.602839417800048	0.452285283776997	0.690356604721246
0.477332378907182	0.921140539250775	0.452285283776997	0.477398292315419
0.477332378907182	0.467788117394417	0.452285283776997	0.766197890507283
