x	xend	y	yend
0.477332378907182	0.402409926031973	0.452285283776997	0.888247112004018
0.477332378907182	0.711643999045574	0.452285283776997	0.658714213962833
0.477332378907182	0.64912908613696	0.452285283776997	0.55876443997991
0.477332378907182	0.106537819136244	0.452285283776997	0.543696634856856
