x	xend	y	yend
0.477332378907182	0.77893104271057	0.452285283776997	0.315670517327976
0.477332378907182	0.641493676926748	0.452285283776997	0.432697137117027
0.477332378907182	0.647220233834407	0.452285283776997	0.123304871923656
0.477332378907182	0.192913385826772	0.452285283776997	0.0986941235560021
