x	xend	y	yend
0.477332378907182	0.294082557862085	0.452285283776997	0.75715720743345
0.477332378907182	0.727392030541637	0.452285283776997	0.807383224510296
0.477332378907182	0.829038415652589	0.452285283776997	0.403063787041688
0.477332378907182	0.388570746838463	0.452285283776997	0.628076343545957
