x	xend	y	yend
0.477332378907182	0.282152230971129	0.452285283776997	0.779256654947263
0.477332378907182	0.75411596277738	0.452285283776997	0.80939226519337
0.477332378907182	0.76795514197089	0.452285283776997	0.404570567553993
0.477332378907182	0.308398950131234	0.452285283776997	0.577348066298343
