x	xend	y	yend
0.477332378907182	0.592340730136006	0.452285283776997	0.524108488196886
0.477332378907182	0.736936292054402	0.452285283776997	0.244851833249623
0.477332378907182	0.654855643044619	0.452285283776997	0.120793571069814
0.477332378907182	0.137079455977094	0.452285283776997	0.145404319437469
