x	xend	y	yend
0.477332378907182	0.730255308995466	0.452285283776997	0.411099949773983
0.477332378907182	0.745526127415891	0.452285283776997	0.139879457559016
0.477332378907182	0.575161059413028	0.452285283776997	0.32722250125565
0.477332378907182	0.190050107372942	0.452285283776997	0.0816172777498745
