x	xend	y	yend
0.477332378907182	0.534120734908136	0.452285283776997	0.57182320441989
0.477332378907182	0.714030064423765	0.452285283776997	0.318181818181818
0.477332378907182	0.668217609162491	0.452285283776997	0.069060773480663
0.477332378907182	0.114173228346457	0.452285283776997	0.182069311903566
