x	xend	y	yend
0.477332378907182	0.521235981865903	0.452285283776997	0.90381717729784
0.477332378907182	0.663445478406108	0.452285283776997	0.329733802109493
0.477332378907182	0.887735623956096	0.452285283776997	0.522099447513812
0.477332378907182	0.326533047005488	0.452285283776997	0.621044701155198
