x	xend	y	yend
0.477332378907182	0.649606299212598	0.452285283776997	0.475891511803114
0.477332378907182	0.749343832020997	0.452285283776997	0.188096433952788
0.477332378907182	0.629563350035791	0.452285283776997	0.192114515318935
0.477332378907182	0.159508470532093	0.452285283776997	0.114264188849824
