x	xend	y	yend
0.477332378907182	0.306012884753042	0.452285283776997	0.812405826217981
0.477332378907182	0.750775471247912	0.452285283776997	0.77674535409342
0.477332378907182	0.745526127415891	0.452285283776997	0.462330487192366
0.477332378907182	0.250178954903364	0.452285283776997	0.582872928176796
