x	xend	y	yend
0.477332378907182	0.446790742066333	0.452285283776997	0.825966850828729
0.477332378907182	0.501193032689096	0.452285283776997	0.427172275238574
0.477332378907182	0.95311381531854	0.452285283776997	0.48041185334003
0.477332378907182	0.473514674302076	0.452285283776997	0.785786037167253
