x	xend	y	yend
0.477332378907182	0.523144834168456	0.452285283776997	0.886740331491713
0.477332378907182	0.632426628489621	0.452285283776997	0.308136614766449
0.477332378907182	0.888690050107373	0.452285283776997	0.540180813661477
0.477332378907182	0.297900262467192	0.452285283776997	0.639628327473631
