x	xend	y	yend
0.477332378907182	0.50548795036984	0.452285283776997	0.59442491210447
0.477332378907182	0.699713672154617	0.452285283776997	0.359367152184832
0.477332378907182	0.670603674540682	0.452285283776997	0.0519839276745354
0.477332378907182	0.102720114531138	0.452285283776997	0.201155198392767
