x	xend	y	yend
0.477332378907182	0.407182056788356	0.452285283776997	0.736062280261175
0.477332378907182	0.377594846098783	0.452285283776997	0.448769462581617
0.477332378907182	0.937842996898115	0.452285283776997	0.470366649924661
0.477332378907182	0.504533524218564	0.452285283776997	0.866147664490206
