x	xend	y	yend
0.477332378907182	0.497375328083989	0.452285283776997	0.915369161225515
0.477332378907182	0.672989739918874	0.452285283776997	0.398041185334003
0.477332378907182	0.90873299928418	0.452285283776997	0.478905072827725
0.477332378907182	0.422452875208781	0.452285283776997	0.637619286790557
