x	xend	y	yend
0.477332378907182	0.921140539250775	0.452285283776997	0.441737820190859
0.477332378907182	0.467310904318778	0.452285283776997	0.951029633350075
0.477332378907182	0.511214507277499	0.452285283776997	0.448769462581617
0.477332378907182	0.306012884753042	0.452285283776997	0.394023103967855
