x	xend	y	yend
0.477332378907182	0.422452875208781	0.452285283776997	0.890256152687092
0.477332378907182	0.672512526843235	0.452285283776997	0.575339025615269
0.477332378907182	0.616201383917919	0.452285283776997	0.251381215469613
0.477332378907182	0.0683607730851826	0.452285283776997	0.383977900552486
