x	xend	y	yend
0.477332378907182	0.299331901694106	0.452285283776997	0.804871923656454
0.477332378907182	0.752207110474827	0.452285283776997	0.785786037167253
0.477332378907182	0.751729897399189	0.452285283776997	0.44776494224008
0.477332378907182	0.264018134096874	0.452285283776997	0.581868407835259
