x	xend	y	yend
0.477332378907182	0.413385826771654	0.452285283776997	0.915369161225515
0.477332378907182	0.696850393700787	0.452285283776997	0.644650929181316
0.477332378907182	0.631472202338344	0.452285283776997	0.449773982923154
0.477332378907182	0.0879265091863518	0.452285283776997	0.483425414364641
