x	xend	y	yend
0.477332378907182	0.513600572655691	0.452285283776997	0.935459568056253
0.477332378907182	0.735027439751849	0.452285283776997	0.386489201406328
0.477332378907182	0.870555953233119	0.452285283776997	0.473380210949272
0.477332378907182	0.402409926031973	0.452285283776997	0.570818684078353
