x	xend	y	yend
0.477332378907182	0.418635170603675	0.452285283776997	0.76368658965344
0.477332378907182	0.412431400620377	0.452285283776997	0.442742340532396
0.477332378907182	0.945955619183966	0.452285283776997	0.47388247112004
0.477332378907182	0.496420901932713	0.452285283776997	0.845554997488699
