x	xend	y	yend
0.477332378907182	0.418157957528036	0.452285283776997	0.913360120542441
0.477332378907182	0.678716296826533	0.452285283776997	0.614515318935208
0.477332378907182	0.612860892388451	0.452285283776997	0.338774485183325
0.477332378907182	0.0707468384633739	0.452285283776997	0.427674535409342
