x	xend	y	yend
0.477332378907182	0.463015986638034	0.452285283776997	0.858111501757911
0.477332378907182	0.554640897160582	0.452285283776997	0.41863385233551
0.477332378907182	0.947864471486519	0.452285283776997	0.481918633852336
0.477332378907182	0.458721068957289	0.452285283776997	0.744600703164239
