x	xend	y	yend
0.477332378907182	0.371868289191124	0.452285283776997	0.757659467604219
0.477332378907182	0.540801717967072	0.452285283776997	0.630587644399799
0.477332378907182	0.938320209973753	0.452285283776997	0.488950276243094
0.477332378907182	0.488785492722501	0.452285283776997	0.807383224510296
