x	xend	y	yend
0.477332378907182	0.358029109997614	0.452285283776997	0.849573078854847
0.477332378907182	0.734073013600573	0.452285283776997	0.705926670015068
0.477332378907182	0.693987115246958	0.452285283776997	0.563787041687594
0.477332378907182	0.159985683607731	0.452285283776997	0.584379708689101
