x	xend	y	yend
0.477332378907182	0.377117633023145	0.452285283776997	0.754645906579608
0.477332378907182	0.51932712956335	0.452285283776997	0.608990457056755
0.477332378907182	0.941660701503221	0.452285283776997	0.489954796584631
0.477332378907182	0.494034836554522	0.452285283776997	0.819437468608739
