x	xend	y	yend
0.477332378907182	0.954545454545454	0.452285283776997	0.452285283776997
0.477332378907182	0.477332378907182	0.452285283776997	0.954545454545455
0.477332378907182	0.477332378907182	0.452285283776997	0.452285283776997
0.477332378907182	0.477332378907182	0.452285283776997	0.452285283776997
