x	xend	y	yend
0.477332378907182	0.285015509424958	0.452285283776997	0.755148166750377
0.477332378907182	0.737413505130041	0.452285283776997	0.81592164741336
0.477332378907182	0.813767597232164	0.452285283776997	0.390507282772476
0.477332378907182	0.377594846098783	0.452285283776997	0.608990457056755
