x	xend	y	yend
0.47405343071305	0.939169709782818	0.495640402000826	0.584209077141939
0.47405343071305	0.356813376897944	0.495640402000826	0.885250791611216
0.47405343071305	0.496156063809341	0.495640402000826	0.58329126703685
0.47405343071305	0.48606573130886	0.495640402000826	0.703524390803543
