x	xend	y	yend
0.47405343071305	0.782529310013454	0.495640402000826	0.645243449130375
0.47405343071305	0.722467807034403	0.495640402000826	0.683791473544124
0.47405343071305	0.278973669037094	0.495640402000826	0.873319260245055
0.47405343071305	0.28425908129925	0.495640402000826	0.596599513560644
