x	xend	y	yend
0.47405343071305	0.817605227753219	0.495640402000826	0.690675049332293
0.47405343071305	0.609071689409956	0.495640402000826	0.604859804506448
0.47405343071305	0.313088602729195	0.495640402000826	0.890298747189206
0.47405343071305	0.211704785700557	0.495640402000826	0.565393969987609
