x	xend	y	yend
0.47405343071305	0.939169709782818	0.495640402000826	0.597976228718278
0.47405343071305	0.366423217374592	0.495640402000826	0.912326189711349
0.47405343071305	0.432731116663463	0.495640402000826	0.634688632921848
0.47405343071305	0.510570824524313	0.495640402000826	0.579620026616493
