x	xend	y	yend
0.47405343071305	0.543724774168749	0.495640402000826	0.295557799091368
0.47405343071305	0.717182394772247	0.495640402000826	0.779243724473406
0.47405343071305	0.0848548914088026	0.495640402000826	0.705360011013721
0.47405343071305	0.598020372861811	0.495640402000826	0.710407966591712
