x	xend	y	yend
0.47405343071305	0.438497020949452	0.495640402000826	0.302441374879537
0.47405343071305	0.856525081683644	0.495640402000826	0.515373319260245
0.47405343071305	0.242456275225831	0.495640402000826	0.289133128355743
0.47405343071305	0.646550067268883	0.495640402000826	0.134941030700748
