x	xend	y	yend
0.47405343071305	0.395252738804536	0.495640402000826	0.301982469826993
0.47405343071305	0.852681145492985	0.495640402000826	0.502065072736451
0.47405343071305	0.258312512012301	0.495640402000826	0.27398926162177
0.47405343071305	0.660003843936191	0.495640402000826	0.143660226699096
