x	xend	y	yend
0.47405343071305	0.3102056505862	0.495640402000826	0.271235831306503
0.47405343071305	0.821929655967711	0.495640402000826	0.465811573585425
0.47405343071305	0.28425908129925	0.495640402000826	0.262975540360699
0.47405343071305	0.691235825485297	0.495640402000826	0.171194529851774
