x	xend	y	yend
0.47405343071305	0.572554295598693	0.495640402000826	0.316667431508421
0.47405343071305	0.741206995963867	0.495640402000826	0.793010876049745
0.47405343071305	0.10023063617144	0.495640402000826	0.715914827222248
0.47405343071305	0.574476263694023	0.495640402000826	0.699394245330641
