x	xend	y	yend
0.47405343071305	0.365942725350759	0.495640402000826	0.184502776375568
0.47405343071305	0.795502594656929	0.495640402000826	0.463975953375247
0.47405343071305	0.211704785700557	0.495640402000826	0.339153779083108
0.47405343071305	0.691235825485297	0.495640402000826	0.198728833004451
