x	xend	y	yend
0.47405343071305	0.419757832019989	0.495640402000826	0.0486668808223578
0.47405343071305	0.656640399769364	0.495640402000826	0.52776375567895
0.47405343071305	0.0766865270036518	0.495640402000826	0.526387040521316
0.47405343071305	0.665289256198347	0.495640402000826	0.401564866229177
