x	xend	y	yend
0.47405343071305	0.940130693830482	0.495640402000826	0.588339222614841
0.47405343071305	0.358735344993273	0.495640402000826	0.89855903813501
0.47405343071305	0.474533922736883	0.495640402000826	0.601647469138635
0.47405343071305	0.493753603690179	0.495640402000826	0.664058556284705
