x	xend	y	yend
0.47405343071305	0.396694214876033	0.495640402000826	0.186338396585746
0.47405343071305	0.498558523928503	0.495640402000826	0.651209214813455
0.47405343071305	0.0464155295022103	0.495640402000826	0.67553118259832
0.47405343071305	0.677301556794157	0.495640402000826	0.737483364691845
