x	xend	y	yend
0.47405343071305	0.83970786084951	0.495640402000826	0.677825707861044
0.47405343071305	0.581203152027676	0.495640402000826	0.642490018815107
0.47405343071305	0.307803190467038	0.495640402000826	0.883415171401037
0.47405343071305	0.233326926773016	0.495640402000826	0.569065210407967
