x	xend	y	yend
0.47405343071305	0.890640015375745	0.495640402000826	0.572277545775779
0.47405343071305	0.407745531424178	0.495640402000826	0.809072552888807
0.47405343071305	0.70180665000961	0.495640402000826	0.492428066633014
0.47405343071305	0.442340957140112	0.495640402000826	0.821921894360057
