x	xend	y	yend
0.47405343071305	0.715260426676917	0.495640402000826	0.323092102244046
0.47405343071305	0.793100134537767	0.495640402000826	0.603024184296269
0.47405343071305	0.211224293676725	0.495640402000826	0.403400486439356
0.47405343071305	0.515856236786469	0.495640402000826	0.0945573860768207
