x	xend	y	yend
0.47405343071305	0.475014414760715	0.495640402000826	0.245078243311459
0.47405343071305	0.638862194887565	0.495640402000826	0.733812124271488
0.47405343071305	0.0565058620026908	0.495640402000826	0.685627093754302
0.47405343071305	0.645108591197386	0.495640402000826	0.730599788903676
