x	xend	y	yend
0.47405343071305	0.770997501441476	0.495640402000826	0.617709145977697
0.47405343071305	0.744089948106861	0.495640402000826	0.715914827222248
0.47405343071305	0.26215644820296	0.495640402000826	0.86184663393144
0.47405343071305	0.316932538919854	0.495640402000826	0.610366665136983
