x	xend	y	yend
0.47405343071305	0.615318085719777	0.495640402000826	0.357968886237437
0.47405343071305	0.768595041322314	0.495640402000826	0.807236932678629
0.47405343071305	0.127138189506054	0.495640402000826	0.73794226974439
0.47405343071305	0.535556409763598	0.495640402000826	0.684709283649213
