x	xend	y	yend
0.47405343071305	0.940130693830482	0.495640402000826	0.496099307053371
0.47405343071305	0.474533922736883	0.495640402000826	0.954545454545454
0.47405343071305	0.586488564289833	0.495640402000826	0.49701711715846
0.47405343071305	0.441860465116279	0.495640402000826	0.507571933366986
