x	xend	y	yend
0.47405343071305	0.501441476071497	0.495640402000826	0.264811160570878
0.47405343071305	0.672977128579666	0.495640402000826	0.753545041530907
0.47405343071305	0.0656352104555065	0.495640402000826	0.692051764489927
0.47405343071305	0.628771862387084	0.495640402000826	0.723716213115506
