x	xend	y	yend
0.47405343071305	0.6897943494138	0.495640402000826	0.500229452526272
0.47405343071305	0.478858350951374	0.495640402000826	0.951333119177642
0.47405343071305	0.886796079185086	0.495640402000826	0.503441787894085
0.47405343071305	0.356332884874111	0.495640402000826	0.548414483043458
