x	xend	y	yend
0.47405343071305	0.723909283105901	0.495640402000826	0.530517185994218
0.47405343071305	0.470689986546223	0.495640402000826	0.931141296865678
0.47405343071305	0.872861810493946	0.495640402000826	0.511702078839888
0.47405343071305	0.37603305785124	0.495640402000826	0.635147537974393
