x	xend	y	yend
0.47405343071305	0.898327887757063	0.495640402000826	0.572736450828324
0.47405343071305	0.401018643090525	0.495640402000826	0.795764306365013
0.47405343071305	0.685469921199308	0.495640402000826	0.489215731265201
0.47405343071305	0.446184893330771	0.495640402000826	0.833853425726217
