x	xend	y	yend
0.47405343071305	0.709494522390928	0.495640402000826	0.316208526455876
0.47405343071305	0.786373246204113	0.495640402000826	0.599352943875912
0.47405343071305	0.198731501057082	0.495640402000826	0.394222385388463
0.47405343071305	0.519700172977129	0.495640402000826	0.099146436602267
