x	xend	y	yend
0.47405343071305	0.862290985969633	0.495640402000826	0.568606305355422
0.47405343071305	0.426484720353642	0.495640402000826	0.844867146987288
0.47405343071305	0.749375360369018	0.495640402000826	0.500688357578817
0.47405343071305	0.428887180472804	0.495640402000826	0.783832774998853
