x	xend	y	yend
0.47405343071305	0.392850278685374	0.495640402000826	0.0895094304988298
0.47405343071305	0.51201230059581	0.495640402000826	0.588798127667386
0.47405343071305	0.0478570055737075	0.495640402000826	0.641113303657473
0.47405343071305	0.677301556794157	0.495640402000826	0.621380386398054
