x	xend	y	yend
0.47405343071305	0.407265039400346	0.495640402000826	0.0532559313478041
0.47405343071305	0.578320199884682	0.495640402000826	0.563099444724886
0.47405343071305	0.0550643859311936	0.495640402000826	0.59522279840301
0.47405343071305	0.674418604651163	0.495640402000826	0.520880179890781
