x	xend	y	yend
0.47405343071305	0.787334230251778	0.495640402000826	0.65763388554908
0.47405343071305	0.709975014414761	0.495640402000826	0.666353081547428
0.47405343071305	0.287142033442245	0.495640402000826	0.878367215823046
0.47405343071305	0.268402844512781	0.495640402000826	0.589715937772475
