x	xend	y	yend
0.47405343071305	0.911781664424371	0.495640402000826	0.571818640723234
0.47405343071305	0.387564866423217	0.495640402000826	0.769147813317425
0.47405343071305	0.650874495483375	0.495640402000826	0.482332155477032
0.47405343071305	0.453392273688257	0.495640402000826	0.855880868248359
