x	xend	y	yend
0.47405343071305	0.940130693830482	0.495640402000826	0.590633747877564
0.47405343071305	0.359696329040938	0.495640402000826	0.903606993713001
0.47405343071305	0.46396309821257	0.495640402000826	0.610366665136983
0.47405343071305	0.49807803190467	0.495640402000826	0.643407828920196
