x	xend	y	yend
0.47405343071305	0.827215068229867	0.495640402000826	0.560804919462163
0.47405343071305	0.442821449163944	0.495640402000826	0.876990500665412
0.47405343071305	0.792619642513934	0.495640402000826	0.507113028314442
0.47405343071305	0.413991927734	0.495640402000826	0.742531320269836
