x	xend	y	yend
0.47405343071305	0.705170094176437	0.495640402000826	0.497934927263549
0.47405343071305	0.786853738227945	0.495640402000826	0.793010876049745
0.47405343071305	0.194887564866423	0.495640402000826	0.806778027626084
0.47405343071305	0.431770132615799	0.495640402000826	0.655339360286357
