x	xend	y	yend
0.47405343071305	0.632135306553911	0.495640402000826	0.309783855720251
0.47405343071305	0.824332116086873	0.495640402000826	0.573654260933413
0.47405343071305	0.199692485104747	0.495640402000826	0.360722316552705
0.47405343071305	0.56390543916971	0.495640402000826	0.106030012390436
