x	xend	y	yend
0.47405343071305	0.850278685373823	0.495640402000826	0.671401037125419
0.47405343071305	0.567268883336537	0.495640402000826	0.660846220916892
0.47405343071305	0.306361714395541	0.495640402000826	0.878826120875591
0.47405343071305	0.244858735344993	0.495640402000826	0.5704419255656
