x	xend	y	yend
0.47405343071305	0.409667499519508	0.495640402000826	0.0495846909274471
0.47405343071305	0.591773976551989	0.495640402000826	0.557133679041806
0.47405343071305	0.057947338074188	0.495640402000826	0.584667982194484
0.47405343071305	0.672977128579666	0.495640402000826	0.500688357578817
