x	xend	y	yend
0.47405343071305	0.794061118585431	0.495640402000826	0.68838052406957
0.47405343071305	0.668172208341342	0.495640402000826	0.608989949979349
0.47405343071305	0.309244666538535	0.495640402000826	0.889380937084117
0.47405343071305	0.221795118201038	0.495640402000826	0.570900830618145
