x	xend	y	yend
0.47405343071305	0.300595810109552	0.495640402000826	0.28683860309302
0.47405343071305	0.824812608110705	0.495640402000826	0.467647193795604
0.47405343071305	0.296271381895061	0.495640402000826	0.251044008994539
0.47405343071305	0.688833365366135	0.495640402000826	0.169358909641595
