x	xend	y	yend
0.47405343071305	0.794541610609264	0.495640402000826	0.696640815015373
0.47405343071305	0.652796463578705	0.495640402000826	0.588339222614841
0.47405343071305	0.315971554872189	0.495640402000826	0.89167546234684
0.47405343071305	0.207380357486066	0.495640402000826	0.564935064935065
