x	xend	y	yend
0.47405343071305	0.764751105131655	0.495640402000826	0.498852737368638
0.47405343071305	0.477416874879877	0.495640402000826	0.952250929282731
0.47405343071305	0.842110320968672	0.495640402000826	0.501606167683906
0.47405343071305	0.369306169517586	0.495640402000826	0.540154192097655
