x	xend	y	yend
0.47405343071305	0.416874879876994	0.495640402000826	0.301982469826993
0.47405343071305	0.855083605612147	0.495640402000826	0.50894864852462
0.47405343071305	0.25014414760715	0.495640402000826	0.281331742462484
0.47405343071305	0.653757447626369	0.495640402000826	0.13907117617365
