x	xend	y	yend
0.47405343071305	0.662886796079185	0.495640402000826	0.500229452526272
0.47405343071305	0.478858350951374	0.495640402000826	0.950874214125097
0.47405343071305	0.898808379780896	0.495640402000826	0.503900692946629
0.47405343071305	0.352969440707284	0.495640402000826	0.551626818411271
