x	xend	y	yend
0.47405343071305	0.790697674418605	0.495640402000826	0.668647606810151
0.47405343071305	0.696521237747453	0.495640402000826	0.647996879445643
0.47405343071305	0.295310397847396	0.495640402000826	0.882497361295948
0.47405343071305	0.252546607726312	0.495640402000826	0.58329126703685
