x	xend	y	yend
0.47405343071305	0.357293868921776	0.495640402000826	0.197811022899362
0.47405343071305	0.800788006919085	0.495640402000826	0.463058143270157
0.47405343071305	0.223717086296367	0.495640402000826	0.326304437611858
0.47405343071305	0.693157793580627	0.495640402000826	0.191845257216282
