x	xend	y	yend
0.47405343071305	0.372669613684413	0.495640402000826	0.167064384378872
0.47405343071305	0.432250624639631	0.495640402000826	0.611743380294617
0.47405343071305	0.0526619258120315	0.495640402000826	0.677825707861044
0.47405343071305	0.67778204881799	0.495640402000826	0.732435409113854
