x	xend	y	yend
0.47405343071305	0.41206995963867	0.495640402000826	0.047290165664724
0.47405343071305	0.604747261195464	0.495640402000826	0.551626818411271
0.47405343071305	0.0608302902171824	0.495640402000826	0.573654260933413
0.47405343071305	0.672016144532001	0.495640402000826	0.480496535266853
