x	xend	y	yend
0.47405343071305	0.934364789544494	0.495640402000826	0.575489881143591
0.47405343071305	0.359696329040938	0.495640402000826	0.833394520673673
0.47405343071305	0.550451662502402	0.495640402000826	0.534647331467119
0.47405343071305	0.470209494522391	0.495640402000826	0.79346978110229
