x	xend	y	yend
0.47405343071305	0.908898712281376	0.495640402000826	0.63285301271167
0.47405343071305	0.473572938689218	0.495640402000826	0.781997154788674
0.47405343071305	0.320295983086681	0.495640402000826	0.819168464044789
0.47405343071305	0.339515664039977	0.495640402000826	0.568147400302877
