x	xend	y	yend
0.47405343071305	0.902171823947723	0.495640402000826	0.637442063237116
0.47405343071305	0.48606573130886	0.495640402000826	0.765935477949612
0.47405343071305	0.315971554872189	0.495640402000826	0.83018218530586
0.47405343071305	0.324620411301172	0.495640402000826	0.569524115460511
