x	xend	y	yend
0.47405343071305	0.42408226023448	0.495640402000826	0.0624340323986967
0.47405343071305	0.693638285604459	0.495640402000826	0.509407553577165
0.47405343071305	0.0915817797424563	0.495640402000826	0.488297921160112
0.47405343071305	0.658081875840861	0.495640402000826	0.345578449818732
