x	xend	y	yend
0.47405343071305	0.379876994041899	0.495640402000826	0.137235555963471
0.47405343071305	0.458677685950413	0.495640402000826	0.605318709558992
0.47405343071305	0.0497789736690371	0.495640402000826	0.668188701757606
0.47405343071305	0.67778204881799	0.495640402000826	0.697099720067918
