x	xend	y	yend
0.47405343071305	0.73784355179704	0.495640402000826	0.553003533568905
0.47405343071305	0.775321929655968	0.495640402000826	0.767312193107246
0.47405343071305	0.224678070344032	0.495640402000826	0.832935615621128
0.47405343071305	0.382759946184893	0.495640402000826	0.636983158184572
