x	xend	y	yend
0.47405343071305	0.786373246204113	0.495640402000826	0.549791198201092
0.47405343071305	0.456755717855084	0.495640402000826	0.903606993713001
0.47405343071305	0.830578512396694	0.495640402000826	0.510784268734799
0.47405343071305	0.39813569094753	0.495640402000826	0.698017530173007
