x	xend	y	yend
0.47405343071305	0.93965020180665	0.495640402000826	0.586044697352118
0.47405343071305	0.357774360945608	0.495640402000826	0.89259327245193
0.47405343071305	0.485104747261196	0.495640402000826	0.592469368087743
0.47405343071305	0.48990966749952	0.495640402000826	0.684250378596668
