x	xend	y	yend
0.47405343071305	0.37411108975591	0.495640402000826	0.171194529851774
0.47405343071305	0.789256198347107	0.495640402000826	0.46535266853288
0.47405343071305	0.199692485104747	0.495640402000826	0.352003120554357
0.47405343071305	0.688833365366135	0.495640402000826	0.206071313845165
