x	xend	y	yend
0.47405343071305	0.653757447626369	0.495640402000826	0.507113028314442
0.47405343071305	0.478377858927542	0.495640402000826	0.94812078380983
0.47405343071305	0.90361330001922	0.495640402000826	0.506654123261897
0.47405343071305	0.354891408802614	0.495640402000826	0.5704419255656
