x	xend	y	yend
0.47405343071305	0.828656544301365	0.495640402000826	0.684250378596668
0.47405343071305	0.595137420718816	0.495640402000826	0.623674911660777
0.47405343071305	0.3102056505862	0.495640402000826	0.887545316873939
0.47405343071305	0.22227561022487	0.495640402000826	0.567688495250333
