x	xend	y	yend
0.47405343071305	0.672016144532001	0.495640402000826	0.312996191088064
0.47405343071305	0.807034403228906	0.495640402000826	0.586503602404662
0.47405343071305	0.197770517009418	0.495640402000826	0.377242898444312
0.47405343071305	0.542283298097252	0.495640402000826	0.101899866917535
