x	xend	y	yend
0.47405343071305	0.422640784162983	0.495640402000826	0.0564682667156165
0.47405343071305	0.681625985008649	0.495640402000826	0.515373319260245
0.47405343071305	0.0862963674802998	0.495640402000826	0.501147262631362
0.47405343071305	0.660964827983855	0.495640402000826	0.363934651920518
