x	xend	y	yend
0.47405343071305	0.45002882952143	0.495640402000826	0.226722041209674
0.47405343071305	0.60186430905247	0.495640402000826	0.712243586801891
0.47405343071305	0.0497789736690371	0.495640402000826	0.680120233123767
0.47405343071305	0.658562367864693	0.495640402000826	0.735188839429122
