x	xend	y	yend
0.47405343071305	0.320295983086681	0.495640402000826	0.25609196457253
0.47405343071305	0.818566211800884	0.495640402000826	0.464434858427791
0.47405343071305	0.27224678070344	0.495640402000826	0.275365976779404
0.47405343071305	0.692677301556794	0.495640402000826	0.173489055114497
