x	xend	y	yend
0.47405343071305	0.814241783586392	0.495640402000826	0.557592584094351
0.47405343071305	0.447626369402268	0.495640402000826	0.886168601716305
0.47405343071305	0.806073419181242	0.495640402000826	0.508489743472076
0.47405343071305	0.408706515471843	0.495640402000826	0.727846358588408
