x	xend	y	yend
0.47405343071305	0.936767249663656	0.495640402000826	0.578243311458859
0.47405343071305	0.357774360945608	0.495640402000826	0.857257583405993
0.47405343071305	0.528829521429944	0.495640402000826	0.554380248726538
0.47405343071305	0.47597539880838	0.495640402000826	0.759510807213987
