x	xend	y	yend
0.47405343071305	0.379876994041899	0.495640402000826	0.173030150061952
0.47405343071305	0.454833749759754	0.495640402000826	0.625051626818411
0.47405343071305	0.0497789736690371	0.495640402000826	0.67644899270341
0.47405343071305	0.678262540841822	0.495640402000826	0.734729934376577
