x	xend	y	yend
0.47405343071305	0.925235441091678	0.495640402000826	0.620462576292965
0.47405343071305	0.438977512973285	0.495640402000826	0.826510944885503
0.47405343071305	0.33807418796848	0.495640402000826	0.78062043963104
0.47405343071305	0.385642898327888	0.495640402000826	0.561722729567252
