x	xend	y	yend
0.47405343071305	0.569190851431866	0.495640402000826	0.306571520352439
0.47405343071305	0.843551797040169	0.495640402000826	0.554380248726538
0.47405343071305	0.208341341533731	0.495640402000826	0.335941443715295
0.47405343071305	0.594656928694984	0.495640402000826	0.113831398283695
