x	xend	y	yend
0.47405343071305	0.42600422832981	0.495640402000826	0.0771189940801248
0.47405343071305	0.717662886796079	0.495640402000826	0.497476022211005
0.47405343071305	0.103594080338266	0.495640402000826	0.462140333165068
0.47405343071305	0.652315971554872	0.495640402000826	0.310701665825341
