x	xend	y	yend
0.47405343071305	0.940130693830482	0.495640402000826	0.592928273140287
0.47405343071305	0.361618297136268	0.495640402000826	0.907737139185902
0.47405343071305	0.453392273688257	0.495640402000826	0.619085861135331
0.47405343071305	0.50192196809533	0.495640402000826	0.622298196503143
