x	xend	y	yend
0.47405343071305	0.805592927157409	0.495640402000826	0.697558625120463
0.47405343071305	0.623005958101095	0.495640402000826	0.586044697352118
0.47405343071305	0.317413030943686	0.495640402000826	0.892134367399385
0.47405343071305	0.202094945223909	0.495640402000826	0.562640539672342
