x	xend	y	yend
0.47405343071305	0.929079377282337	0.495640402000826	0.616791335872608
0.47405343071305	0.428406688448972	0.495640402000826	0.839819191409297
0.47405343071305	0.345281568325966	0.495640402000826	0.766394383002157
0.47405343071305	0.40197962713819	0.495640402000826	0.558969299251985
