x	xend	y	yend
0.47405343071305	0.926676917163175	0.495640402000826	0.570900830618145
0.47405343071305	0.367864693446089	0.495640402000826	0.77465467394796
0.47405343071305	0.594176436671151	0.495640402000826	0.494722591895737
0.47405343071305	0.46204113011724	0.495640402000826	0.852209627828002
