x	xend	y	yend
0.47405343071305	0.851239669421488	0.495640402000826	0.566311780092699
0.47405343071305	0.432250624639631	0.495640402000826	0.856339773300904
0.47405343071305	0.764270613107822	0.495640402000826	0.50298288284154
0.47405343071305	0.42408226023448	0.495640402000826	0.770524528475058
