x	xend	y	yend
0.47405343071305	0.416394387853162	0.495640402000826	0.103735487127713
0.47405343071305	0.746492408226023	0.495640402000826	0.482791060529576
0.47405343071305	0.130982125696713	0.495640402000826	0.426345739066587
0.47405343071305	0.662406304055353	0.495640402000826	0.26802349593869
