x	xend	y	yend
0.47405343071305	0.938208725735153	0.495640402000826	0.600729659033546
0.47405343071305	0.369306169517586	0.495640402000826	0.912785094763893
0.47405343071305	0.422160292139151	0.495640402000826	0.642031113762562
0.47405343071305	0.514414760714972	0.495640402000826	0.558051489146896
