x	xend	y	yend
0.47405343071305	0.382279454161061	0.495640402000826	0.158345188380524
0.47405343071305	0.783009802037286	0.495640402000826	0.467188288743059
0.47405343071305	0.187680184508937	0.495640402000826	0.364852462025607
0.47405343071305	0.685950413223141	0.495640402000826	0.214331604790969
