x	xend	y	yend
0.47405343071305	0.938208725735153	0.495640402000826	0.604400899453903
0.47405343071305	0.378435517970402	0.495640402000826	0.90452480381809
0.47405343071305	0.401499135114357	0.495640402000826	0.667729796705062
0.47405343071305	0.50192196809533	0.495640402000826	0.53969528704511
