x	xend	y	yend
0.47405343071305	0.829617528349029	0.495640402000826	0.497476022211005
0.47405343071305	0.47597539880838	0.495640402000826	0.953168739387821
0.47405343071305	0.784451278108783	0.495640402000826	0.500229452526272
0.47405343071305	0.385642898327888	0.495640402000826	0.530976091046762
