x	xend	y	yend
0.47405343071305	0.403901595233519	0.495640402000826	0.123927309439677
0.47405343071305	0.762348645012493	0.495640402000826	0.475448579688862
0.47405343071305	0.153084758793004	0.495640402000826	0.402482676334266
0.47405343071305	0.673457620603498	0.495640402000826	0.24416043320637
