x	xend	y	yend
0.47405343071305	0.727272727272727	0.495640402000826	0.535106236519664
0.47405343071305	0.780607341918124	0.495640402000826	0.776949199210683
0.47405343071305	0.215068229867384	0.495640402000826	0.82421641962278
0.47405343071305	0.399096674995195	0.495640402000826	0.643407828920196
