x	xend	y	yend
0.47405343071305	0.655198923697867	0.495640402000826	0.419003258225873
0.47405343071305	0.783970786084951	0.495640402000826	0.809072552888807
0.47405343071305	0.155487218912166	0.495640402000826	0.768230003212335
0.47405343071305	0.493273111666346	0.495640402000826	0.675072277545776
