x	xend	y	yend
0.47405343071305	0.60186430905247	0.495640402000826	0.337777063925474
0.47405343071305	0.760907168940996	0.495640402000826	0.804024597310816
0.47405343071305	0.118489333077071	0.495640402000826	0.727846358588408
0.47405343071305	0.549010186430905	0.495640402000826	0.687003808911936
