x	xend	y	yend
0.47405343071305	0.399096674995195	0.495640402000826	0.0716121334495892
0.47405343071305	0.538439361906592	0.495640402000826	0.578702216511404
0.47405343071305	0.0497789736690371	0.495640402000826	0.624133816713322
0.47405343071305	0.676340572746492	0.495640402000826	0.581455646826672
