x	xend	y	yend
0.47405343071305	0.932923313472996	0.495640402000826	0.574113165985958
0.47405343071305	0.361137805112435	0.495640402000826	0.820086274149878
0.47405343071305	0.561502979050548	0.495640402000826	0.524551420311138
0.47405343071305	0.467807034403229	0.495640402000826	0.809531457941352
