x	xend	y	yend
0.47405343071305	0.48798769940419	0.495640402000826	0.254715249414896
0.47405343071305	0.656640399769364	0.495640402000826	0.74390803542747
0.47405343071305	0.0608302902171824	0.495640402000826	0.688839429122115
0.47405343071305	0.637420718816068	0.495640402000826	0.727387453535863
