x	xend	y	yend
0.47405343071305	0.793100134537767	0.495640402000826	0.679202423018677
0.47405343071305	0.682586969056314	0.495640402000826	0.628722867238768
0.47405343071305	0.302517778204882	0.495640402000826	0.886168601716305
0.47405343071305	0.237170862963675	0.495640402000826	0.576866596301225
