x	xend	y	yend
0.47405343071305	0.756102248702672	0.495640402000826	0.586962507457207
0.47405343071305	0.76186815298866	0.495640402000826	0.743449130374925
0.47405343071305	0.243897751297328	0.495640402000826	0.848079482355101
0.47405343071305	0.349605996540457	0.495640402000826	0.623674911660777
