x	xend	y	yend
0.47405343071305	0.693157793580627	0.495640402000826	0.478660915056675
0.47405343071305	0.78781472227561	0.495640402000826	0.798976641732825
0.47405343071305	0.185277724389775	0.495640402000826	0.797141021522647
0.47405343071305	0.447626369402268	0.495640402000826	0.660846220916892
