x	xend	y	yend
0.47405343071305	0.426965212377475	0.495640402000826	0.209283649212978
0.47405343071305	0.56198347107438	0.495640402000826	0.68838052406957
0.47405343071305	0.0464155295022103	0.495640402000826	0.676907897755954
0.47405343071305	0.668652700365174	0.495640402000826	0.73794226974439
