x	xend	y	yend
0.47405343071305	0.383240438208726	0.495640402000826	0.123927309439677
0.47405343071305	0.472131462617721	0.495640402000826	0.601647469138635
0.47405343071305	0.0483374975975399	0.495640402000826	0.662222936074526
0.47405343071305	0.67778204881799	0.495640402000826	0.678743517966133
