x	xend	y	yend
0.47405343071305	0.548049202383241	0.495640402000826	0.30565371024735
0.47405343071305	0.847876225254661	0.495640402000826	0.547955577990914
0.47405343071305	0.21218527772439	0.495640402000826	0.328140057822037
0.47405343071305	0.604266769171632	0.495640402000826	0.116584828598963
