x	xend	y	yend
0.47405343071305	0.887276571208918	0.495640402000826	0.647996879445643
0.47405343071305	0.512492792619643	0.495640402000826	0.732435409113854
0.47405343071305	0.309244666538535	0.495640402000826	0.850374007617824
0.47405343071305	0.296271381895061	0.495640402000826	0.57135973567069
