x	xend	y	yend
0.47405343071305	0.848837209302326	0.495640402000826	0.497476022211005
0.47405343071305	0.47597539880838	0.495640402000826	0.953168739387821
0.47405343071305	0.762829137036325	0.495640402000826	0.499770547473728
0.47405343071305	0.391408802613877	0.495640402000826	0.528222660731495
