x	xend	y	yend
0.47405343071305	0.691235825485297	0.495640402000826	0.314372906245698
0.47405343071305	0.796944070728426	0.495640402000826	0.592928273140287
0.47405343071305	0.197770517009418	0.495640402000826	0.385503189390115
0.47405343071305	0.530751489525274	0.495640402000826	0.100523151759901
