x	xend	y	yend
0.47405343071305	0.290505477609072	0.495640402000826	0.302441374879537
0.47405343071305	0.827215068229867	0.495640402000826	0.470400624110871
0.47405343071305	0.308283682490871	0.495640402000826	0.238653572575834
0.47405343071305	0.685469921199308	0.495640402000826	0.168900004589051
