x	xend	y	yend
0.47405343071305	0.800788006919085	0.495640402000826	0.553921343673994
0.47405343071305	0.452431289640592	0.495640402000826	0.895346702767197
0.47405343071305	0.818566211800884	0.495640402000826	0.509866458629709
0.47405343071305	0.403421103209687	0.495640402000826	0.71316139690698
