x	xend	y	yend
0.47405343071305	0.404382087257352	0.495640402000826	0.0583038869257951
0.47405343071305	0.565346915241207	0.495640402000826	0.568606305355422
0.47405343071305	0.0531424178358639	0.495640402000826	0.605318709558992
0.47405343071305	0.675379588698828	0.495640402000826	0.541072002202744
