x	xend	y	yend
0.47405343071305	0.373630597732078	0.495640402000826	0.301982469826993
0.47405343071305	0.849798193349991	0.495640402000826	0.495640402000826
0.47405343071305	0.267441860465116	0.495640402000826	0.266646780781056
0.47405343071305	0.666250240246012	0.495640402000826	0.148249277224542
