x	xend	y	yend
0.47405343071305	0.937247741687488	0.495640402000826	0.603483089348814
0.47405343071305	0.372669613684413	0.495640402000826	0.912326189711349
0.47405343071305	0.412550451662502	0.495640402000826	0.649373594603276
0.47405343071305	0.518739188929464	0.495640402000826	0.536482951677298
