x	xend	y	yend
0.47405343071305	0.38804535844705	0.495640402000826	0.179454820797577
0.47405343071305	0.476936382856045	0.495640402000826	0.637900968289661
0.47405343071305	0.0478570055737075	0.495640402000826	0.67553118259832
0.47405343071305	0.678262540841822	0.495640402000826	0.736565554586756
