x	xend	y	yend
0.47405343071305	0.635498750720738	0.495640402000826	0.500688357578817
0.47405343071305	0.479338842975207	0.495640402000826	0.950874214125097
0.47405343071305	0.909379204305209	0.495640402000826	0.504818503051719
0.47405343071305	0.35008648856429	0.495640402000826	0.554380248726538
