x	xend	y	yend
0.47405343071305	0.76379012108399	0.495640402000826	0.602565279243724
0.47405343071305	0.75369978858351	0.495640402000826	0.730140883851131
0.47405343071305	0.253027099750144	0.495640402000826	0.855421963195815
0.47405343071305	0.333269267730156	0.495640402000826	0.617250240925153
