x	xend	y	yend
0.47405343071305	0.740726503940035	0.495640402000826	0.499311642421183
0.47405343071305	0.477897366903709	0.495640402000826	0.952250929282731
0.47405343071305	0.858447049778974	0.495640402000826	0.502065072736451
0.47405343071305	0.364501249279262	0.495640402000826	0.542907622412923
