x	xend	y	yend
0.47405343071305	0.397174706899865	0.495640402000826	0.134941030700748
0.47405343071305	0.769556025369979	0.495640402000826	0.47223624432105
0.47405343071305	0.164616567364982	0.495640402000826	0.390092239915561
0.47405343071305	0.678262540841822	0.495640402000826	0.233605616997843
