x	xend	y	yend
0.47405343071305	0.396213722852201	0.495640402000826	0.0798724243953926
0.47405343071305	0.525466077263118	0.495640402000826	0.583750172089395
0.47405343071305	0.0488179896213723	0.495640402000826	0.63285301271167
0.47405343071305	0.677301556794157	0.495640402000826	0.601647469138635
