x	xend	y	yend
0.47405343071305	0.881991158946761	0.495640402000826	0.57135973567069
0.47405343071305	0.413991927734	0.495640402000826	0.821462989307512
0.47405343071305	0.718143378819912	0.495640402000826	0.495640402000826
0.47405343071305	0.43801652892562	0.495640402000826	0.809990362993897
