x	xend	y	yend
0.47405343071305	0.352488948683452	0.495640402000826	0.301982469826993
0.47405343071305	0.845473765135499	0.495640402000826	0.489215731265201
0.47405343071305	0.277051700941764	0.495640402000826	0.259763204992887
0.47405343071305	0.672016144532001	0.495640402000826	0.153297232802533
