x	xend	y	yend
0.47405343071305	0.756102248702672	0.495640402000826	0.5406130971502
0.47405343071305	0.464443590236402	0.495640402000826	0.918750860446974
0.47405343071305	0.853161637516817	0.495640402000826	0.512160983892433
0.47405343071305	0.387084374399385	0.495640402000826	0.666811986599972
