x	xend	y	yend
0.47405343071305	0.872381318470113	0.495640402000826	0.569983020513056
0.47405343071305	0.420238324043821	0.495640402000826	0.833394520673673
0.47405343071305	0.733999615606381	0.495640402000826	0.498393832316094
0.47405343071305	0.433692100711128	0.495640402000826	0.797141021522647
