x	xend	y	yend
0.47405343071305	0.482702287142033	0.495640402000826	0.303359184984627
0.47405343071305	0.856044589659812	0.495640402000826	0.528222660731495
0.47405343071305	0.228522006534692	0.495640402000826	0.304276995089716
0.47405343071305	0.630693830482414	0.495640402000826	0.126680739754945
