x	xend	y	yend
0.47405343071305	0.415913895829329	0.495640402000826	0.201482263319719
0.47405343071305	0.541322314049587	0.495640402000826	0.67644899270341
0.47405343071305	0.0454545454545455	0.495640402000826	0.675990087650865
0.47405343071305	0.672016144532001	0.495640402000826	0.738401174796934
