x	xend	y	yend
0.47405343071305	0.860369017874303	0.495640402000826	0.664976366389794
0.47405343071305	0.553334614645397	0.495640402000826	0.679202423018677
0.47405343071305	0.305881222371709	0.495640402000826	0.872860355192511
0.47405343071305	0.256871035940803	0.495640402000826	0.57135973567069
