x	xend	y	yend
0.47405343071305	0.34816452046896	0.495640402000826	0.212037079528246
0.47405343071305	0.805592927157409	0.495640402000826	0.462599238217613
0.47405343071305	0.23620987891601	0.495640402000826	0.313455096140608
0.47405343071305	0.694118777628291	0.495640402000826	0.185879491533202
