x	xend	y	yend
0.47405343071305	0.389967326542379	0.495640402000826	0.146413657014364
0.47405343071305	0.776763405727465	0.495640402000826	0.469482814005782
0.47405343071305	0.176148375936959	0.495640402000826	0.377701803496856
0.47405343071305	0.682586969056314	0.495640402000826	0.223509705841861
