x	xend	y	yend
0.47405343071305	0.869498366327119	0.495640402000826	0.659010600706714
0.47405343071305	0.539400345954257	0.495640402000826	0.697099720067918
0.47405343071305	0.305881222371709	0.495640402000826	0.866435684456886
0.47405343071305	0.269363828560446	0.495640402000826	0.571818640723234
