x	xend	y	yend
0.47405343071305	0.668172208341342	0.495640402000826	0.439195080537837
0.47405343071305	0.786853738227945	0.495640402000826	0.807236932678629
0.47405343071305	0.165097059388814	0.495640402000826	0.777867009315773
0.47405343071305	0.478377858927542	0.495640402000826	0.670483227020329
