x	xend	y	yend
0.47405343071305	0.417835863924659	0.495640402000826	0.0463723555596347
0.47405343071305	0.643667115125889	0.495640402000826	0.53372952136203
0.47405343071305	0.0718816067653277	0.495640402000826	0.538777476940021
0.47405343071305	0.667211224293677	0.495640402000826	0.420838878436052
