x	xend	y	yend
0.47405343071305	0.93965020180665	0.495640402000826	0.595681703455555
0.47405343071305	0.363540265231597	0.495640402000826	0.91049056950117
0.47405343071305	0.442821449163944	0.495640402000826	0.62688724702859
0.47405343071305	0.506246396309821	0.495640402000826	0.601188564086091
