x	xend	y	yend
0.47405343071305	0.421679800115318	0.495640402000826	0.0945573860768207
0.47405343071305	0.738324043820873	0.495640402000826	0.486921206002478
0.47405343071305	0.120411301172401	0.495640402000826	0.437818365380203
0.47405343071305	0.656159907745532	0.495640402000826	0.280413932357395
