x	xend	y	yend
0.47405343071305	0.771477993465308	0.495640402000826	0.545661052728191
0.47405343071305	0.461080146069575	0.495640402000826	0.91140837960626
0.47405343071305	0.842110320968672	0.495640402000826	0.511702078839888
0.47405343071305	0.392369786661541	0.495640402000826	0.68241475838649
