x	xend	y	yend
0.47405343071305	0.954545454545455	0.495640402000826	0.495640402000826
0.47405343071305	0.47405343071305	0.495640402000826	0.954545454545454
0.47405343071305	0.47405343071305	0.495640402000826	0.495640402000826
0.47405343071305	0.47405343071305	0.495640402000826	0.495640402000826
