x	xend	y	yend
0.47405343071305	0.688833365366135	0.495640402000826	0.333188013400028
0.47405343071305	0.827215068229867	0.495640402000826	0.598435133770823
0.47405343071305	0.235248894868345	0.495640402000826	0.405236106649534
0.47405343071305	0.530270997501442	0.495640402000826	0.0890505254462851
