x	xend	y	yend
0.47405343071305	0.415913895829329	0.495640402000826	0.0454545454545454
0.47405343071305	0.630693830482414	0.495640402000826	0.53969528704511
0.47405343071305	0.0680376705746685	0.495640402000826	0.550709008306182
0.47405343071305	0.669133192389006	0.495640402000826	0.440571795695471
