x	xend	y	yend
0.47405343071305	0.905535268114549	0.495640402000826	0.572736450828324
0.47405343071305	0.394291754756871	0.495640402000826	0.782456059841219
0.47405343071305	0.668172208341342	0.495640402000826	0.486003395897389
0.47405343071305	0.45002882952143	0.495640402000826	0.845326052039833
