x	xend	y	yend
0.47405343071305	0.946377090140304	0.495640402000826	0.495640402000826
0.47405343071305	0.47405343071305	0.495640402000826	0.954545454545454
0.47405343071305	0.558620026907553	0.495640402000826	0.496558212105915
0.47405343071305	0.45002882952143	0.495640402000826	0.504359597999174
