x	xend	y	yend
0.47405343071305	0.529310013453777	0.495640402000826	0.285002982882841
0.47405343071305	0.703248126081107	0.495640402000826	0.771442338580148
0.47405343071305	0.0776475110513166	0.495640402000826	0.700770960488275
0.47405343071305	0.609071689409956	0.495640402000826	0.715455922169703
