x	xend	y	yend
0.47405343071305	0.329905823563329	0.495640402000826	0.240948097838557
0.47405343071305	0.814722275610225	0.495640402000826	0.463517048322702
0.47405343071305	0.26023448010763	0.495640402000826	0.288215318250654
0.47405343071305	0.693638285604459	0.495640402000826	0.176701390482309
