x	xend	y	yend
0.47405343071305	0.642225639054392	0.495640402000826	0.398811435913909
0.47405343071305	0.780126849894292	0.495640402000826	0.809990362993897
0.47405343071305	0.145877378435518	0.495640402000826	0.758134092056354
0.47405343071305	0.508168364405151	0.495640402000826	0.678743517966133
