x	xend	y	yend
0.47405343071305	0.37603305785124	0.495640402000826	0.151920517644899
0.47405343071305	0.445704401306938	0.495640402000826	0.608531044926805
0.47405343071305	0.0512204497405343	0.495640402000826	0.673236657335597
0.47405343071305	0.67778204881799	0.495640402000826	0.714997017117158
