x	xend	y	yend
0.47405343071305	0.878627714779935	0.495640402000826	0.653503740076178
0.47405343071305	0.52594656928695	0.495640402000826	0.714997017117158
0.47405343071305	0.307322698443206	0.495640402000826	0.858634298563627
0.47405343071305	0.282337113203921	0.495640402000826	0.571818640723234
