x	xend	y	yend
0.47405343071305	0.310686142610033	0.495640402000826	0.302441374879537
0.47405343071305	0.834422448587354	0.495640402000826	0.476825294846496
0.47405343071305	0.297232365942725	0.495640402000826	0.245537148364003
0.47405343071305	0.681625985008649	0.495640402000826	0.163393143958515
