x	xend	y	yend
0.47405343071305	0.386603882375553	0.495640402000826	0.111536873020972
0.47405343071305	0.485104747261196	0.495640402000826	0.597517323665734
0.47405343071305	0.0478570055737075	0.495640402000826	0.655798265338901
0.47405343071305	0.67778204881799	0.495640402000826	0.659928410811803
