x	xend	y	yend
0.47405343071305	0.931962329425332	0.495640402000826	0.496099307053371
0.47405343071305	0.474533922736883	0.495640402000826	0.95408654949291
0.47405343071305	0.61387660964828	0.495640402000826	0.497476022211005
0.47405343071305	0.434172592734961	0.495640402000826	0.510325363682254
