x	xend	y	yend
0.47405343071305	0.652315971554872	0.495640402000826	0.311160570877885
0.47405343071305	0.816163751681722	0.495640402000826	0.580078931669038
0.47405343071305	0.198731501057082	0.495640402000826	0.368982607498509
0.47405343071305	0.553334614645397	0.495640402000826	0.103735487127713
