x	xend	y	yend
0.47405343071305	0.934845281568326	0.495640402000826	0.611284475242072
0.47405343071305	0.408706515471843	0.495640402000826	0.864600064246707
0.47405343071305	0.3620987891601	0.495640402000826	0.735647744481667
0.47405343071305	0.434653084758793	0.495640402000826	0.553462438621449
