x	xend	y	yend
0.47405343071305	0.707092062271766	0.495640402000826	0.525010325363682
0.47405343071305	0.473092446665385	0.495640402000826	0.936189252443669
0.47405343071305	0.881510666922929	0.495640402000826	0.510784268734799
0.47405343071305	0.370747645589083	0.495640402000826	0.619085861135331
