x	xend	y	yend
0.47405343071305	0.515375744762637	0.495640402000826	0.27490707172686
0.47405343071305	0.688833365366135	0.495640402000826	0.7627231425818
0.47405343071305	0.0714011147414953	0.495640402000826	0.696181909962829
0.47405343071305	0.619162021910436	0.495640402000826	0.719586067642605
