x	xend	y	yend
0.47405343071305	0.929079377282337	0.495640402000826	0.571818640723234
0.47405343071305	0.365462233326927	0.495640402000826	0.790716350787022
0.47405343071305	0.583125120123006	0.495640402000826	0.504818503051719
0.47405343071305	0.463482606188737	0.495640402000826	0.838442476251663
