x	xend	y	yend
0.47405343071305	0.460599654045743	0.495640402000826	0.302900279932082
0.47405343071305	0.856525081683644	0.495640402000826	0.52179798999587
0.47405343071305	0.235248894868345	0.495640402000826	0.296475609196457
0.47405343071305	0.638862194887565	0.495640402000826	0.130810885227846
