x	xend	y	yend
0.47405343071305	0.558139534883721	0.495640402000826	0.306112615299894
0.47405343071305	0.729675187391889	0.495640402000826	0.78658620531412
0.47405343071305	0.0925427637901211	0.495640402000826	0.710407966591712
0.47405343071305	0.586969056313665	0.495640402000826	0.704901105961177
