x	xend	y	yend
0.47405343071305	0.924754949067845	0.495640402000826	0.569983020513056
0.47405343071305	0.370747645589083	0.495640402000826	0.758134092056354
0.47405343071305	0.604747261195464	0.495640402000826	0.484626680739755
0.47405343071305	0.460599654045743	0.495640402000826	0.864600064246707
