x	xend	y	yend
0.47405343071305	0.740246011916202	0.495640402000826	0.536024046624753
0.47405343071305	0.467807034403229	0.495640402000826	0.925175531182598
0.47405343071305	0.863251970017298	0.495640402000826	0.512160983892433
0.47405343071305	0.381798962137229	0.495640402000826	0.651209214813455
