x	xend	y	yend
0.47405343071305	0.932442821449164	0.495640402000826	0.613579000504796
0.47405343071305	0.418316355948491	0.495640402000826	0.852668532880547
0.47405343071305	0.353449932731117	0.495640402000826	0.751250516268184
0.47405343071305	0.418316355948491	0.495640402000826	0.556215868936717
