x	xend	y	yend
0.47405343071305	0.83970786084951	0.495640402000826	0.564017254829976
0.47405343071305	0.437536036901787	0.495640402000826	0.866894589509431
0.47405343071305	0.778685373822795	0.495640402000826	0.505277408104263
0.47405343071305	0.418796847972324	0.495640402000826	0.75675737689872
