x	xend	y	yend
0.47405343071305	0.71574091870075	0.495640402000826	0.499770547473728
0.47405343071305	0.478377858927542	0.495640402000826	0.951792024230187
0.47405343071305	0.873342302517778	0.495640402000826	0.50298288284154
0.47405343071305	0.36017682106477	0.495640402000826	0.545661052728191
