x	xend	y	yend
0.47405343071305	0.611474149529118	0.495640402000826	0.308866045615162
0.47405343071305	0.831539496444359	0.495640402000826	0.567229590197788
0.47405343071305	0.202094945223909	0.495640402000826	0.352462025606902
0.47405343071305	0.574476263694023	0.495640402000826	0.10832453765316
