x	xend	y	yend
0.47405343071305	0.405823563328849	0.495640402000826	0.19368087742646
0.47405343071305	0.520180665000961	0.495640402000826	0.66359965123216
0.47405343071305	0.0454545454545455	0.495640402000826	0.67553118259832
0.47405343071305	0.674899096674995	0.495640402000826	0.73794226974439
