x	xend	y	yend
0.47405343071305	0.681145492984816	0.495640402000826	0.458927997797256
0.47405343071305	0.78781472227561	0.495640402000826	0.803565692258272
0.47405343071305	0.175187391889295	0.495640402000826	0.787962920471754
0.47405343071305	0.463002114164905	0.495640402000826	0.665894176494883
