x	xend	y	yend
0.47405343071305	0.922352488948683	0.495640402000826	0.496099307053371
0.47405343071305	0.474533922736883	0.495640402000826	0.95408654949291
0.47405343071305	0.640303670959062	0.495640402000826	0.497934927263549
0.47405343071305	0.426484720353642	0.495640402000826	0.513537699050067
