x	xend	y	yend
0.47405343071305	0.587449548337498	0.495640402000826	0.327222247716947
0.47405343071305	0.75177782048818	0.495640402000826	0.798976641732825
0.47405343071305	0.109359984624255	0.495640402000826	0.721880592905328
0.47405343071305	0.56198347107438	0.495640402000826	0.693428479647561
