x	xend	y	yend
0.47405343071305	0.931001345377667	0.495640402000826	0.572736450828324
0.47405343071305	0.363059773207765	0.495640402000826	0.805860217520995
0.47405343071305	0.572554295598693	0.495640402000826	0.514455509155156
0.47405343071305	0.465404574284067	0.495640402000826	0.82421641962278
