x	xend	y	yend
0.47405343071305	0.882952142994426	0.495640402000826	0.49701711715846
0.47405343071305	0.475494906784547	0.495640402000826	0.953627644440365
0.47405343071305	0.716701902748414	0.495640402000826	0.498852737368638
0.47405343071305	0.404862579281184	0.495640402000826	0.522256895048414
