x	xend	y	yend
0.47405343071305	0.746972900249856	0.495640402000826	0.5704419255656
0.47405343071305	0.769556025369979	0.495640402000826	0.75583956679363
0.47405343071305	0.23428791082068	0.495640402000826	0.840737001514387
0.47405343071305	0.366423217374592	0.495640402000826	0.630558487448947
