x	xend	y	yend
0.47405343071305	0.866615414184124	0.495640402000826	0.49701711715846
0.47405343071305	0.475494906784547	0.495640402000826	0.953627644440365
0.47405343071305	0.740246011916202	0.495640402000826	0.499311642421183
0.47405343071305	0.39813569094753	0.495640402000826	0.525469230416227
