x	xend	y	yend
0.47405343071305	0.672016144532001	0.495640402000826	0.513537699050067
0.47405343071305	0.477416874879877	0.495640402000826	0.944908448442017
0.47405343071305	0.896886411685566	0.495640402000826	0.508489743472076
0.47405343071305	0.36017682106477	0.495640402000826	0.586962507457207
