x	xend	y	yend
0.47405343071305	0.809436863348069	0.495640402000826	0.497934927263549
0.47405343071305	0.476455890832212	0.495640402000826	0.952709834335276
0.47405343071305	0.805112435133577	0.495640402000826	0.500688357578817
0.47405343071305	0.379396502018067	0.495640402000826	0.534188426414575
