x	xend	y	yend
0.47405343071305	0.46204113011724	0.495640402000826	0.235900142260566
0.47405343071305	0.620603497981934	0.495640402000826	0.723257308062962
0.47405343071305	0.0526619258120315	0.495640402000826	0.682873663439034
0.47405343071305	0.652315971554872	0.495640402000826	0.732894314166399
