x	xend	y	yend
0.47405343071305	0.425043244282145	0.495640402000826	0.0688587031343215
0.47405343071305	0.706131078224101	0.495640402000826	0.503441787894085
0.47405343071305	0.0973476840284451	0.495640402000826	0.474989674636318
0.47405343071305	0.655679415721699	0.495640402000826	0.328140057822037
