x	xend	y	yend
0.47405343071305	0.331347299634826	0.495640402000826	0.301982469826993
0.47405343071305	0.840188352873342	0.495640402000826	0.482791060529576
0.47405343071305	0.286661541418412	0.495640402000826	0.252420724152173
0.47405343071305	0.677301556794157	0.495640402000826	0.158345188380524
